コントロールフラグ,商品番号,商品カテゴリ名,商品カテゴリID
n,10000,ニューバランス,6951
n,10001,ニューバランス,6953
n,10003,シューズ,10002
n,10005,ジェーンスタイル,9798
n,10006,ジェーンスタイル,6001
n,10012,メンズ,10008
n,10013,レディース,10008
n,10014,メンズ,10009
n,10015,レディース,10009
n,10016,メンズ,10010
n,10017,レディース,10010
n,10018,レディース,10011
n,10019,バンテージ,9171
n,10020,練習用具,9171
n,10021,マウスピース・ガード,9171
n,10022,リング・ジム用品,9171
n,10023,リング・ジム用品,7993
n,10024,ウイニング,9801
n,10030,アディダス,7395
n,10031,グラブ,6965
n,10032,アディダス,7100
n,10033,アディダス,7104
n,10034,アディダス,7103
n,10036,アディダス,7212
n,10037,アディダス,7102
n,10038,UVカットマスク,4960
n,10039,丸福繊維,11621
n,10040,アシックス,9798
n,10044,タオル・ポンチョ,10041
n,10045,ショーツ・トランクス,10042
n,10046,Tシャツ・ロンT,10042
n,10047,ラッシュガード,10042
n,10048,ショーツ・パンツ,10043
n,10049,Tシャツ・ロンT,10043
n,10050,ラッシュガード,10043
n,10051,ビキニ,10043
n,10053,オニール（O'NEILL）,11615
n,10055,バイザー,5900
n,10057,PHP研究所,11620
n,10058,カレンダー,8362
n,10059,ラスティ（RUSTY）,9356
n,10060,アシックス,9868
n,10061,アディダス,9868
n,10063,オニール（O'NEILL）,9356
n,10066,オーシャンパシフィック（OP）,9366
n,10067,ローチェ,8776
n,10073,ラージボール用ラケット,4733
n,10074,貼り上がりラケット（ラバー付）,4733
n,10075,その他,4733
n,10076,ニッタク,10071
n,10077,スティガ,10071
n,10078,ヴィクタス,10071
n,10079,バタフライ,10071
n,10080,TSP,10071
n,10081,ミズノ,10071
n,10082,アディダス,10071
n,10083,ヨーラ,10071
n,10084,コクタク,10071
n,10085,ヤサカ,10071
n,10086,ジュウイック,10071
n,10087,エクシオン,10071
n,10088,ドニック,10071
n,10089,サンエイ,10071
n,10090,ニッタク,10072
n,10091,スティガ,10072
n,10092,ヴィクタス,10072
n,10093,バタフライ,10072
n,10094,TSP,10072
n,10098,アディダス,10072
n,10099,ヨーラ,10072
n,10100,ハイテンションラバー,4734
n,10101,コクタク,10072
n,10102,ヤサカ,10072
n,10103,ジュウイック,10072
n,10104,エクシオン,10072
n,10105,ドニック,10072
n,10107,粒高ラバー,4734
n,10109,ラージ専用ラバー,4734
n,10110,ヴィクタス,10096
n,10111,バタフライ,10096
n,10112,TSP,10096
n,10113,ニッタク,10096
n,10114,ミズノ,10096
n,10116,ヨーラ,10096
n,10117,コクタク,10096
n,10118,ヤサカ,10096
n,10119,ジュウイック,10096
n,10120,エクシオン,10096
n,10121,ドニック,10096
n,10122,スティガ,10096
n,10123,ヴィクタス,10097
n,10124,バタフライ,10097
n,10125,TSP,10097
n,10126,ニッタク,10097
n,10127,ミズノ,10097
n,10128,アディダス,10097
n,10129,ヨーラ,10097
n,10130,コクタク,10097
n,10131,ヤサカ,10097
n,10132,ジュウイック,10097
n,10133,エクシオン,10097
n,10134,ドニック,10097
n,10135,スティガ,10097
n,10137,バタフライ,10100
n,10138,TSP,10100
n,10139,ニッタク,10100
n,10141,ヨーラ,10100
n,10143,ヤサカ,10100
n,10144,ジュウイック,10100
n,10152,ニッタク,10107
n,10155,ヨーラ,10107
n,10158,ジュウイック,10107
n,10160,ドニック,10107
n,10163,バタフライ,10108
n,10164,TSP,10108
n,10165,ニッタク,10108
n,10169,コクタク,10108
n,10170,ヤサカ,10108
n,10171,ジュウイック,10108
n,10174,スティガ,10108
n,10176,バタフライ,10109
n,10179,ミズノ,10109
n,10181,ヨーラ,10109
n,10183,ヤサカ,10109
n,10184,ジュウイック,10109
n,10189,アシックス,10188
n,10190,ミズノ,10188
n,10192,2015年春夏モデル,10191
n,10194,ニッタク,10192
n,10195,バタフライ,10192
n,10196,TSP,10192
n,10199,バタフライ,4737
n,10200,TSP,4737
n,10201,ニッタク,4737
n,10202,ミズノ,4737
n,10203,アシックス,4737
n,10205,ヨーラ,4737
n,10206,ヤサカ,4737
n,10207,ジュウイック,4737
n,10208,エクシオン,4737
n,10210,カレンダー,10209
n,10220,アシックス,10218
n,10221,アリーナ,10218
n,10222,ミズノ,10218
n,10223,アシックス,10219
n,10224,アリーナ,10219
n,10225,ミズノ,10219
n,10231,スイムキャップ・水泳帽,7554
n,10233,アシックス,10230
n,10234,アリーナ,10230
n,10235,ミズノ,10230
n,10236,アシックス,10231
n,10237,アリーナ,10231
n,10238,ミズノ,10231
n,10239,アシックス,10232
n,10240,アリーナ,10232
n,10241,ミズノ,10232
n,10243,競泳水着,10242
n,10244,ゴーグル,10242
n,10245,スイムキャップ・水泳帽,10242
n,10246,タオル,10242
n,10247,バッグ・ケース,7554
n,10249,アシックス,10248
n,10250,アリーナ,10248
n,10251,ミズノ,10248
n,10252,バッグ・ケース,10242
n,10258,タオル,10257
n,10259,アシックス,9731
n,10260,アシックス,9732
n,10262,アディダス,10261
n,10264,ディアドラ,10261
n,10267,競泳水着,10266
n,10269,競泳水着,10268
n,10270,スイムキャップ・水泳帽,10268
n,10271,サポーター,7554
n,10272,サポーター,10268
n,10273,サポーター,6851
n,10274,アシックス,7340
n,10278,アシックス,10277
n,10280,アシックス,10279
n,10281,ウェア,6373
n,10283,アシックス,10282
n,10284,アシックス,9662
n,10285,アシックス,9666
n,10286,アシックス,9663
n,10287,アシックス,9668
n,10288,ウェア,6361
n,10290,ニューバランス,10261
n,10297,ダンスキン,10296
n,10298,トップス・シャツ,6511
n,10299,ボトムス,6511
n,10300,ソックス・ストッキング,6511
n,10302,シューズ,10301
n,10305,ウェア,10304
n,10306,ローリングス,8176
n,10308,ロジン・すべり止め,10307
n,10309,2015年秋冬モデル,5992
n,10310,アディダス,10309
n,10311,ミズノ,10309
n,10312,アシックス,10309
n,10314,アンブロ,10313
n,10315,ミズノ,10313
n,10317,柔道衣上衣,8010
n,10318,柔道衣ズボン,8010
n,10319,柔道衣上下セット,8010
n,10320,帯,8009
n,10323,柔道衣,10322
n,10325,ミカサ,6886
n,10326,ミカサ,6885
n,10327,ミカサ,7340
n,10328,ミカサ,6944
n,10329,ミカサ,6945
n,10332,ボール,10331
n,10333,バッグ,10331
n,10334,アクセサリ・小物,10331
n,10335,設備・備品,10331
n,10336,レフェリーグッズ,10331
n,10337,ミズノ,6036
n,10339,シューズ,10338
n,10341,1号球,10340
n,10342,2号球,10340
n,10343,3号球,10340
n,10344,ドッジボール用品,5280
n,10347,シューズ,10346
n,10348,ミズノ,9405
n,10349,ウェア,12665
n,10350,ボール,12665
n,10352,ミカサ,6889
n,10353,ミカサ,6890
n,10354,ミカサ,6891
n,10355,その他,6872
n,10357,記念品,10356
n,10358,ストラップ,10356
n,10360,ボール,10359
n,10361,バッグ,10359
n,10362,アクセサリ・小物,10359
n,10363,設備・備品,10359
n,10364,ミカサ,7301
n,10365,ミカサ,6900
n,10366,ミカサ,6902
n,10368,ミカサ,7148
n,10369,コーナーフラッグ,7968
n,10370,コーン,7968
n,10371,ゴール,7968
n,10372,ビブス,7968
n,10373,その他,7968
n,10374,ウェア,7151
n,10375,フラッグ,7151
n,10376,ホイッスル,7151
n,10377,カード,7151
n,10378,その他,7151
n,10382,ボールバッグ,5982
n,10384,ボール,10383
n,10385,バッグ,10383
n,10386,レフェリーグッズ,10383
n,10387,設備・備品,10383
n,10388,作戦盤,7968
n,10389,ストラップ,6113
n,10390,アクセサリ・小物,10383
n,10391,ミカサ,7314
n,10392,ミカサ,7316
n,10393,ミカサ,7318
n,10395,ボール,10394
n,10396,アクセサリ・小物,10394
n,10397,設備・備品,10394
n,10398,バッグ,5919
n,10399,ストラップ,9124
n,10400,ミカサ,7305
n,10402,ボール,10401
n,10403,設備・備品,10401
n,10404,作戦盤,7969
n,10405,その他,7969
n,10406,ビブス,7969
n,10407,ビブス,7345
n,10408,ビブス,7320
n,10409,スキンズ,10309
n,10411,柔道衣,10410
n,10412,帯,10410
n,10414,空手衣,10413
n,10415,帯,8006
n,10417,タイマー・対戦ボード,10416
n,10418,設備・備品,10410
n,10419,審判用品,8009
n,10420,審判用品,10410
n,10421,ラインテープ,10416
n,10422,帯,10413
n,10423,サポーター・プロテクター,8006
n,10424,サポーター・プロテクター,10413
n,10425,タグラグビー用品,5901
n,10426,ラグビー用品,10330
n,10427,ミカサ,9405
n,10428,ボール収納カゴ,7320
n,10429,練習用具,8006
n,10430,練習用具,10413
n,10431,ギフト包装＆メッセージカード,4593
n,10434,シューズ,10433
n,10435,ドッジボール用品,10330
n,10436,その他,10340
n,10438,記念品,10437
n,10439,キーホルダー・ストラップ,10437
n,10440,レフェリーグッズ,10338
n,10441,サポーター,10338
n,10442,ラインテープ,7320
n,10443,ボール用ポンプ,7320
n,10444,アシックス,6248
n,10445,アディダス,6248
n,10446,アンブロ,6248
n,10447,プーマ,6248
n,10448,ミズノ,6248
n,10450,その他,6248
n,10451,アシックス,6249
n,10452,アディダス,6249
n,10453,アンブロ,6249
n,10455,ミズノ,6249
n,10457,その他,6249
n,10458,アシックス,6250
n,10459,アディダス,6250
n,10460,アンブロ,6250
n,10461,プーマ,6250
n,10462,ミズノ,6250
n,10464,その他,6250
n,10465,アシックス,6251
n,10466,アディダス,6251
n,10467,アンブロ,6251
n,10468,プーマ,6251
n,10469,ミズノ,6251
n,10470,その他,6251
n,10471,アシックス,7153
n,10472,アディダス,7153
n,10473,アンブロ,7153
n,10474,プーマ,7153
n,10475,ミズノ,7153
n,10477,その他,7153
n,10478,その他,6245
n,10480,グラウンド用品,6914
n,10481,バッティングゲージ,7367
n,10482,バッティングティー,7367
n,10483,ボール収納カゴ,7345
n,10484,ボール収納カゴ,9127
n,10485,ボール収納カゴ,7969
n,10486,ボール収納カゴ,7968
n,10487,サッカー用品,8261
n,10488,バスケットボール用品,8261
n,10489,その他,7320
n,10490,バレーボール用品,8261
n,10491,ネット,7320
n,10492,テニス用品,8261
n,10503,ウェア,6966
n,10505,ミズノ,10504
n,10507,ミズノ,10506
n,10516,デサント,10309
n,10517,デサント,10506
n,10518,アクセサリ・小物,9334
n,10519,バッグ,9334
n,10520,デサント,6248
n,10522,ミズノ,10521
n,10523,アームウォーマー,6418
n,10524,バドミントン用品,8261
n,10525,野球用品,8261
n,10526,ラインテープ,7345
n,10527,ラインテープ,9127
n,10530,アディダス,7650
n,10531,コンバース,10504
n,10532,コンバース,6248
n,10533,コンバース,6249
n,10534,コンバース,6250
n,10535,コンバース,6251
n,10536,コンバース,7153
n,10537,シューズ,5294
n,10538,卓球台,5294
n,10539,円盤,7990
n,10540,砲丸,7990
n,10542,ゴール,7969
n,10543,フットサル用品,8261
n,10544,ティーボール用品,5894
n,10545,ティーボール用品,8261
n,10547,マーク加工対応,9920
n,10548,マーク加工非対応,9920
n,10554,マーク加工対応,10549
n,10555,マーク加工対応,10550
n,10556,マーク加工対応,10551
n,10557,マーク加工非対応,10549
n,10558,マーク加工非対応,10550
n,10559,マーク加工非対応,10551
n,10560,マーク加工非対応,10552
n,10561,マーク加工非対応,10553
n,10562,ウェア,8566
n,10564,審判台,7320
n,10565,アディダス,10313
n,10566,ひじ用,6076
n,10567,ひざ用,6076
n,10568,その他,6076
n,10569,サポーター,10331
n,10571,カンタベリー,10570
n,10572,プーマ,10309
n,10573,チャンピオン,10309
n,10574,ルコック,10309
n,10576,ミズノ,8005
n,10577,フラッグフットボール用品,5901
n,10578,得点板,7320
n,10579,得点板,7345
n,10580,得点板,9127
n,10582,カンタベリー,10581
n,10585,スポーツサングラス,5182
n,10588,その他,7556
n,10589,その他,8285
n,10592,ミズノ,10590
n,10593,ミズノ,10591
n,10601,ジェーンスタイル,10309
n,10602,アディダス,4963
n,10604,ゴーセン,4963
n,10605,ダンロップ,4963
n,10606,ディアドラ,4963
n,10607,バボラ,4963
n,10608,プリンス,4963
n,10609,ヨネックス,4963
n,10610,スリクソン,4963
n,10611,ニューバランス,4963
n,10612,ミズノ,4963
n,10613,パラディーゾ,4963
n,10614,エレッセ,4963
n,10615,フィラ,4963
n,10616,その他,4963
n,10618,サングラス（アイウェア）,8657
n,10625,アシックス,10261
n,10626,アシックス,6580
n,10627,アシックス,6571
n,10628,ヘルメット・プロテクター,7825
n,10634,ワールドペガサス,7086
n,10635,ワールドペガサス,7087
n,10636,ワールドペガサス,7088
n,10644,ワールドペガサス,6951
n,10645,ワールドペガサス,6953
n,10650,ワールドペガサス,7329
n,10653,ワールドペガサス,7346
n,10654,ワールドペガサス,8170
n,10655,ワールドペガサス,8182
n,10657,ディアドラ,6521
n,10659,SSK,7391
n,10660,SSK,7389
n,10661,SSK,7390
n,10663,SSK,7386
n,10664,SSK,7387
n,10665,SSK,7388
n,10672,ミズノ,7386
n,10673,アシックス,7386
n,10674,ゼット,7386
n,10676,ミズノ,7387
n,10677,アシックス,7387
n,10678,ゼット,7387
n,10680,ミズノ,7388
n,10682,ゼット,7388
n,10684,ミズノ,7389
n,10685,アシックス,7389
n,10686,ゼット,7389
n,10688,ミズノ,7390
n,10689,アシックス,7390
n,10690,ゼット,7390
n,10692,ミズノ,7391
n,10693,アシックス,7391
n,10694,ゼット,7391
n,10725,トップス（シャツ・ポロ他 ）,10721
n,10727,ミズノ,10722
n,10728,ミズノ,10724
n,10730,ミズノ,10726
n,10731,ウェア,10242
n,10732,アシックス,10590
n,10733,アシックス,10591
n,10734,スキンケア,5181
n,10736,シャトル,5940
n,10737,ドッジボール用品,6880
n,10738,ドッジボール用品,5463
n,10739,ボール,6966
n,10742,アディダス,10741
n,10744,アクセサリ・小物,10743
n,10745,アディダス,6513
n,10746,その他,4935
n,10747,アクセサリ・小物,8360
n,10748,デサント,6249
n,10749,デサント,6250
n,10750,ネックウォーマー・ネックガード,6039
n,10752,メンテナンス用品,7122
n,10753,アディダス,8882
n,10754,シューズ,10743
n,10755,アディダス,10218
n,10756,アディダス,10231
n,10757,アディダス,10230
n,10758,水泳用品,5463
n,10760,アディダス,10570
n,10761,ウェア,8661
n,10762,アディダス,9393
n,10763,アディダス,9395
n,10764,アディダス,9396
n,10765,アディダス,10504
n,10766,アディダス,6478
n,10767,アディダス,6479
n,10768,バッグ,6964
n,10769,フィラ,10309
n,10770,フィラ,5998
n,10773,アディダス,10771
n,10774,アディダス,10772
n,10776,シューズ,10775
n,10778,アディダス,10777
n,10779,アディダス,9463
n,10782,フィラ,6002
n,10783,フィラ,5997
n,10784,フィラ,6000
n,10786,ウェア,10785
n,10787,フィラ,6004
n,10788,フィラ,5999
n,10789,フィラ,6001
n,10790,フィラ,6003
n,10791,アディダス,5937
n,10792,シューズ,9122
n,10793,アクセサリ・小物,8657
n,10794,アディダス,6035
n,10796,ミズノ,10772
n,10798,ミズノ,10797
n,10799,ソックス,9660
n,10800,ソックス,9661
n,10801,ディアドラ,6522
n,10802,ボール,7825
n,10803,ボール,8348
n,10804,ヘルメット・プロテクター,8348
n,10807,プーマ,10805
n,10812,プーマ,10806
n,10817,ミズノ,10624
n,10821,プーマ,10819
n,10822,プーマ,10820
n,10823,プーマ,10771
n,10824,プーマ,10772
n,10825,プーマ,9463
n,10827,プーマ,10797
n,10828,バッグ,8745
n,10833,アクセサリ・小物,8752
n,10835,バッグ,5940
n,10836,ゴーセン,8778
n,10837,ゴーセン,6521
n,10838,アシックス,8776
n,10839,フォーザ,4651
n,10841,バッグ,5969
n,10842,ルコック,6248
n,10843,ルコック,6249
n,10844,ルコック,6250
n,10846,ルコック,7153
n,10847,ルコック,10313
n,10849,ルコック,6682
n,10851,アクセサリ・小物,9263
n,10852,アクセサリ・小物,9236
n,10854,設備・備品,9263
n,10855,ルコック,10581
n,10859,バッグ,10858
n,10860,財布・ポーチ,9822
n,10863,ヴィクタス,9664
n,10864,ヴィクタス,9666
n,10865,ヴィクタス,9663
n,10867,ヴィクタス,10866
n,10868,ヴィクタス,9667
n,10869,TSP,10866
n,10870,ヴィクター,4648
n,10873,ラケット,10872
n,10874,シューズ,10872
n,10875,バッグ,10872
n,10876,サッカー用品,6178
n,10877,野球・ソフトボール用品,6178
n,10878,バスケットボール用品,6178
n,10879,フットサル用品,6178
n,10880,トーエイ,6945
n,10881,バレーボール用品,6178
n,10882,テニス・ソフトテニス用品,6178
n,10883,ニッタク,6220
n,10884,バタフライ,6220
n,10885,TSP,6220
n,10886,ヤサカ,6220
n,10887,ユニバー,6220
n,10888,その他,6220
n,10889,卓球用品,6178
n,10890,ティーボール用品,6178
n,10891,ハンドボール用品,6178
n,10892,支柱・ネット,4660
n,10893,得点板,4660
n,10894,その他コート用品,4660
n,10895,バドミントン用品,6178
n,10898,ヴィクター,4651
n,10899,ストリング,10872
n,10900,アクセサリ・小物・ラケット備品,10872
n,10901,ヴィクター,4684
n,10902,シャトル,10872
n,10903,ヴィクター,4649
n,10904,ヴィクター,4982
n,10906,ウエア,10872
n,10907,ヴィクター,5615
n,10909,アシックス,6566
n,10910,アシックス,6567
n,10911,アシックス,6569
n,10912,アシックス,6570
n,10913,アシックス,6575
n,10914,アシックス,6576
n,10915,アシックス,6577
n,10916,アシックス,6578
n,10918,ザナックス,8561
n,10920,ヴィクター,4973
n,10921,ヴィクター,4972
n,10922,ヴィクター,5141
n,10923,ミズノ,10780
n,10925,ヴィクター,5142
n,10926,トリガーポイント,11618
n,10927,スキンズ,5997
n,10928,スキンズ,6002
n,10929,スキンズ,6004
n,10933,ルコック,8777
n,10934,ローチェ,8777
n,10935,体育器具,6880
n,10938,野球用品,10937
n,10939,卓球用品,10937
n,10940,バタフライ,10866
n,10941,アディダス,8540
n,10942,スワンズ,6513
n,10943,運動遊び,7556
n,10944,ステップリング・ジャンピングシェイプ,7556
n,10945,エアボール・ふうせんバレー,7556
n,10946,簡易式ネット・プレルボール,7556
n,10947,ソフトタイプボール,7556
n,10948,ドッヂビー・フォームディスク,7556
n,10949,ターゲットゲーム・ストライクボード,7556
n,10950,輪投げ・フロアバスケット,7556
n,10951,プレイランド・トンネル,7556
n,10960,合気道用品,7992
n,10961,フィノア,11620
n,10962,プロ,11620
n,10964,ジェリー(GERRY),7506
n,10965,修斗用品,7992
n,10967,アディダス,8227
n,10968,グラウンド用品,7498
n,10969,グラウンド用品,7908
n,10970,グラウンド用品,7825
n,10971,空気入れ・空気圧計,6872
n,10972,モルテン,9405
n,10973,ラグビー用品,6880
n,10974,アディダス,9405
n,10975,ボール,8661
n,10976,フットベースボール,7556
n,10977,アシックス,10313
n,10978,アシックス,10504
n,10980,アシックス,7148
n,10983,アシックス,10982
n,10984,アシックス,10506
n,10986,ゼット,8537
n,10987,ゼット,8538
n,10988,ゼット,8539
n,10989,ゼット,8561
n,10990,その他,10257
n,10991,アクセサリ・小物,7498
n,10994,アンブロ,9035
n,10995,プーマ,9019
n,10996,アシックス,8995
n,10997,アシックス,9000
n,10998,アシックス,9003
n,10999,デサント,6577
n,11000,デサント,9019
n,11001,デサント,6578
n,11003,ディアドラ,10771
n,11004,アシックス,10521
n,11005,アクセサリ・小物,6374
n,11006,アシックス,10979
n,11007,ゴーグル,10268
n,11009,スパッツィオ,9035
n,11010,ラコステ,8778
n,11011,アディダス,8778
n,11012,アディダス,9662
n,11013,フィラ,8778
n,11014,アディダス,9663
n,11015,アディダス,9668
n,11019,アシックス,11017
n,11020,ミズノ,11017
n,11021,アシックス,11018
n,11022,ミズノ,11018
n,11023,その他種目,11016
n,11024,ラグビージャンキー,9356
n,11025,ラグビージャンキー,10581
n,11026,ラグビージャンキー,9357
n,11027,ローチェ,6521
n,11028,ローチェ,6522
n,11031,ゼット,8534
n,11032,シューズ,9546
n,11038,ミズノ,9463
n,11039,アクセサリ・小物,7825
n,11040,インソール,4937
n,11042,インソール,11041
n,11044,インソール,11043
n,11045,インソール,9105
n,11047,インソール,11046
n,11049,インソール,11048
n,11052,ミズノ,8542
n,11053,ザナックス,8542
n,11055,ローリングス,7087
n,11056,グラブ,10304
n,11061,アシックス,10624
n,11064,アディダス,10624
n,11065,バボラ,5227
n,11067,ディアドラ,11066
n,11070,プリンス,6521
n,11071,プリンス,6522
n,11072,ボレロ,4960
n,11075,バボラ,6521
n,11076,バボラ,6522
n,11078,シューズ,6821
n,11079,スリクソン,5223
n,11083,アディダス,11082
n,11084,アンブロ,11082
n,11085,ルコック,10624
n,11087,デサント,10624
n,11088,ダンスキン,11066
n,11090,ヘッド,4963
n,11094,ヨネックス,6521
n,11095,ヨネックス,6522
n,11097,スリクソン,6521
n,11098,スリクソン,6522
n,11100,ダンスキン,11099
n,11101,ミズノ,6521
n,11102,ミズノ,6522
n,11103,ルイスビルスラッガー,7395
n,11104,ルイスビルスラッガー,7346
n,11105,バッグ・ケース,7897
n,11106,スキンズ,10624
n,11107,スキンズ,11066
n,11108,スキンズ,6571
n,11113,ゴーセン,6522
n,11114,トーエイ,6944
n,11117,ミズノ,11082
n,11119,防具,11118
n,11120,ニューバランス,10590
n,11121,ニューバランス,10591
n,11122,ニューバランス,10777
n,11124,アクセサリ・小物,6914
n,11125,その他,6007
n,11127,ニッタク,11126
n,11128,バタフライ,11126
n,11129,TSP,11126
n,11130,その他用品,5453
n,11131,ユニカール,7556
n,11132,ティーボール,7556
n,11133,スティックボール,7556
n,11134,ミズノ,10819
n,11135,ミズノ,10820
n,11136,ヤサカ,9666
n,11137,アシックス,11066
n,11139,アシックス,11138
n,11140,アシックス,5146
n,11141,アシックス,5141
n,11143,ミズノ,10777
n,11144,ボレー,6513
n,11145,その他,4937
n,11147,スキンズ,5998
n,11148,アシックス,11126
n,11149,2016年春夏モデル,6043
n,11158,バッグ,11151
n,11159,ラケット,11152
n,11161,バッグ,11152
n,11162,ラケット,11153
n,11163,シューズ,11153
n,11164,バッグ,11153
n,11168,ルコック,10771
n,11169,ルコック,10772
n,11170,ルコック,9463
n,11173,シューズ,9374
n,11174,シューズ,9263
n,11176,シューズ,11175
n,11177,ルコック,5902
n,11179,アシックス,11082
n,11181,アシックス,11180
n,11182,キットソン,11616
n,11183,リーボック,10772
n,11185,キットソン,5142
n,11186,ヨネックス,4965
n,11187,スリクソン,4965
n,11188,パラディーゾ,4965
n,11189,プリンス,4965
n,11190,ウィルソン,4965
n,11191,ディアドラ,4965
n,11192,ニューバランス,4965
n,11193,バボラ,4965
n,11194,その他,4965
n,11197,ミズノ,11126
n,11199,セントクリストファー,11617
n,11200,セントクリストファー,5141
n,11201,セントクリストファー,5142
n,11202,セントクリストファー,5147
n,11203,セントクリストファー,4972
n,11204,セントクリストファー,4973
n,11205,ヴィクタス,11126
n,11206,セントクリストファー,4974
n,11207,セントクリストファー,4982
n,11208,セントクリストファー,5615
n,11209,ニューバランス,6002
n,11210,ニューバランス,10624
n,11211,ウェア,8876
n,11212,ニューバランス,10819
n,11213,ニューバランス,10820
n,11214,アディダス,6521
n,11215,アディダス,6522
n,11216,ニューバランス,5997
n,11217,ニューバランス,10771
n,11218,ニューバランス,10772
n,11219,ニューバランス,6004
n,11221,ニューバランス,9463
n,11222,アディダス,7436
n,11223,マウスガード・マウスピース,4591
n,11224,ショックドクター,11617
n,11225,ローリングス,7323
n,11227,ローリングス,7325
n,11228,手袋,10304
n,11229,バッグ・ケース,10304
n,11230,ローリングス,7329
n,11231,ローリングス,7331
n,11233,ローリングス,7346
n,11234,ローリングス,7395
n,11235,アンブロ,10777
n,11236,ジェーンスタイル,10624
n,11237,ジェーンスタイル,6682
n,11240,オピタノ,6248
n,11241,オピタノ,6249
n,11242,オピタノ,6250
n,11248,アディダス,11247
n,11249,アディダス,11180
n,11250,アディダス,10219
n,11251,アディダス,10232
n,11252,アディダス,9394
n,11260,アディダス,11256
n,11261,アディダス,11257
n,11262,アディダス,11258
n,11263,アディダス,11259
n,11268,アディダス,11264
n,11270,アディダス,11266
n,11271,アディダス,11267
n,11272,ウェア,10743
n,11275,アディダス,11274
n,11276,アディダス,11066
n,11277,ブラックナイト,11620
n,11278,ブラックナイト,4972
n,11279,ブラックナイト,4973
n,11280,ブラックナイト,4974
n,11281,ブラックナイト,4975
n,11283,ブラックナイト,5142
n,11287,ヴィクター,4974
n,11288,コンバース,11180
n,11289,ローリングス,7085
n,11290,ローリングス,7086
n,11291,ローリングス,7088
n,11292,ローリングス,7100
n,11293,ローリングス,7102
n,11294,ローリングス,7103
n,11295,ローリングス,7104
n,11297,ローリングス,7212
n,11298,ローリングス,7231
n,11299,ローリングス,7235
n,11300,ソフトボール用品,10303
n,11301,グラブ,11300
n,11302,ミズノ,11247
n,11303,ミズノ,9395
n,11304,ミズノ,9393
n,11305,ミズノ,9394
n,11306,ミズノ,9396
n,11307,ミズノ,9397
n,11310,サンダル（キッズ・ジュニア）,7490
n,11312,アクセサリ・小物,7454
n,11314,オピタノ,6002
n,11315,オピタノ,6004
n,11316,ヴィクター,4975
n,11317,ヴィクター,5146
n,11319,スキンズ,6003
n,11320,ニューバランス,6000
n,11321,ミズノ,11138
n,11324,ミズノ,11066
n,11325,ウェア,8360
n,11326,バッグ,8360
n,11327,ミズノ,6566
n,11328,ミズノ,6567
n,11329,ミズノ,6568
n,11330,ミズノ,6569
n,11331,ミズノ,6570
n,11332,ミズノ,6575
n,11333,ミズノ,6580
n,11334,ミズノ,6578
n,11335,ミズノ,6702
n,11336,ミズノ,6576
n,11337,ミズノ,11274
n,11338,ミズノ,11256
n,11339,ミズノ,11258
n,11341,ミズノ,11266
n,11342,ミズノ,11257
n,11343,ミズノ,11259
n,11344,ミズノ,11265
n,11345,ミズノ,11267
n,11346,ミズノ,6577
n,11347,ミズノ,6581
n,11348,ウェア,9780
n,11350,ウォーキングポール,11349
n,11351,アクセサリ・小物,9639
n,11352,バッグ,9780
n,11353,ミズノ,11180
n,11354,トレーニング用品,10304
n,11355,ソックス,11254
n,11356,ソックス,11255
n,11359,ネックウォーマー・ネックガード,11253
n,11360,キャップ・バイザー,11253
n,11361,その他,11041
n,11363,トップス・シャツ,11362
n,11364,ボトムス,11362
n,11365,グローブ,11253
n,11366,ラスティ（RUSTY）,9432
n,11367,ジェーンスタイル,5999
n,11368,ワールドペガサス,7235
n,11374,2XU,11066
n,11375,スタッド,11048
n,11376,ウンドウ（wundou）,11615
n,11377,その他,10218
n,11378,その他,10219
n,11379,その他,10248
n,11380,その他,10230
n,11381,その他,10231
n,11382,その他,8005
n,11383,その他,6000
n,11384,その他,6002
n,11385,その他,6004
n,11386,その他,5998
n,11387,その他,5999
n,11388,その他,6001
n,11389,その他,6003
n,11390,その他,6521
n,11391,その他,6522
n,11393,ラスティ（RUSTY）,11392
n,11396,スパイクピン,11395
n,11397,アシックス,8777
n,11399,バボラ,4649
n,11402,ラコステ,8776
n,11403,ダンスキン,9019
n,11404,エレッセ,5221
n,11405,その他,7231
n,11408,ディアドラ,11407
n,11410,セントクリストファー,8776
n,11412,セントクリストファー,4975
n,11423,グラウンドゴルフ用品,11422
n,11424,パークゴルフ,11422
n,11425,コースグッズ,5898
n,11426,ミズノ,8995
n,11430,SALE 競泳水着,11429
n,11431,アリーナ,11430
n,11433,ミズノ,11432
n,11434,アシックス,11432
n,11435,アディダス,11432
n,11437,シューズ,9454
n,11440,ミズノ,11439
n,11441,アシックス,8537
n,11443,アシックス,8539
n,11444,インソール,4591
n,11445,コースグッズ,5925
n,11448,ボール,11446
n,11449,アクセサリ・小物,11446
n,11452,ゲートボール用品,11422
n,11453,ウォーキング用品,11422
n,11455,カンタベリー,11454
n,11456,ラケット,5326
n,11457,ラバー,5326
n,11458,ウェア,5326
n,11459,アクセサリ・小物・ラケット備品・バッグ,5326
n,11460,コート用品,5326
n,11461,ドニック,9662
n,11462,ドニック,9664
n,11463,ドニック,9666
n,11464,ドニック,9667
n,11465,ドニック,9663
n,11466,ドニック,9668
n,11467,ドニック,11126
n,11473,ミズノ,11472
n,11475,ミズノ,11474
n,11477,ミズノ,11476
n,11478,その他,10232
n,11480,Timbuk2（ティンバック2）,8415
n,11481,キャリーバッグ,7504
n,11482,エレッセ,6513
n,11483,ヴィクタス,11439
n,11486,その他ブランド,6084
n,11487,その他ブランド,6085
n,11488,その他ブランド,6086
n,11489,その他ブランド,6087
n,11491,その他,9822
n,11494,2016年秋冬モデル,7596
n,11496,その他ブランド,7536
n,11498,その他ブランド,6046
n,11499,その他ブランド,9297
n,11500,その他ブランド,6047
n,11501,その他ブランド,6056
n,11502,その他ブランド,8182
n,11503,その他ブランド,7658
n,11505,その他ブランド,6088
n,11506,その他ブランド,10624
n,11507,その他ブランド,6059
n,11508,その他ブランド,6472
n,11509,その他ブランド,6473
n,11510,その他ブランド,6478
n,11511,その他ブランド,11180
n,11512,その他ブランド,6424
n,11513,その他ブランド,6425
n,11514,その他ブランド,6438
n,11515,その他ブランド,6439
n,11523,その他ブランド,11522
n,11525,その他ブランド,11519
n,11526,その他ブランド,11524
n,11528,その他ブランド,11527
n,11529,その他ブランド,9393
n,11530,その他ブランド,9395
n,11531,その他ブランド,9397
n,11532,その他ブランド,9438
n,11533,その他ブランド,7617
n,11534,その他ブランド,7618
n,11535,アシックス,11407
n,11536,アシックス,9220
n,11537,アシックス,11474
n,11538,アクセサリ・小物,10266
n,11539,2016年秋冬モデル,6459
n,11540,アシックス,11476
n,11541,アシックス,9730
n,11542,アディダス,11407
n,11544,プーマ,11432
n,11545,プーマ,11472
n,11548,アクセサリ・小物,8737
n,11550,シースリーフィット,11432
n,11551,プーマ,9009
n,11552,プーマ,8227
n,11556,SALE シューズ,9027
n,11557,プーマ,11556
n,11558,アディダス,11472
n,11559,レッグウォーマー,6013
n,11561,プーマ,11407
n,11562,プーマ,6618
n,11563,プーマ,6616
n,11565,プーマ,11564
n,11566,ウェア,8739
n,11569,スパッツィオ,11568
n,11572,スパッツィオ,11570
n,11573,スパッツィオ,11571
n,11575,シャツ（メンズ／ユニセックス）,11574
n,11576,パンツ（メンズ／ユニセックス）,11574
n,11578,ダンスキン,11564
n,11579,ダンスキン,11432
n,11580,アクセサリ・小物,6218
n,11582,ダンスキン,11581
n,11583,ダンスキン,9367
n,11584,ダンスキン,9369
n,11585,ダンスキン,6005
n,11586,シースリーフィット,6568
n,11587,シースリーフィット,6566
n,11588,シースリーフィット,11407
n,11589,シースリーフィット,6571
n,11590,シースリーフィット,6567
n,11591,シースリーフィット,6569
n,11592,シースリーフィット,6577
n,11593,シースリーフィット,6575
n,11594,シースリーフィット,6580
n,11595,シースリーフィット,6576
n,11596,シースリーフィット,6581
n,11597,シースリーフィット,6006
n,11599,シースリーフィット,6578
n,11600,バッグ,8009
n,11601,アクセサリ・小物,8009
n,11602,アクセサリ・小物,10322
n,11603,設備・備品,10322
n,11604,審判用品,10322
n,11605,マット,10416
n,11612,バタフライ,11439
n,11625,スパッツィオ,11624
n,11626,シューズアクセサリー,5917
n,11628,カンタベリー,11627
n,11629,デサント,11432
n,11630,その他ブランド,6426
n,11631,その他ブランド,6427
n,11634,その他ブランド,6430
n,11637,その他ブランド,6443
n,11638,その他ブランド,6444
n,11640,デサント,11474
n,11641,陸上用品,5321
n,11642,デサント,11476
n,11643,デサント,6035
n,11644,アクセサリ・小物,9338
n,11645,アンブロ,11432
n,11646,その他ブランド,10819
n,11647,その他ブランド,11407
n,11648,その他ブランド,10820
n,11649,アンブロ,11472
n,11651,アクセサリ・小物,9464
n,11652,フィラ,11432
n,11653,ジュウイック,4881
n,11654,アクセサリ・小物,8642
n,11658,アンブロ,6513
n,11660,ルコック,11472
n,11661,ルコック,11432
n,11662,タオル,4935
n,11664,アクセサリ・小物,11663
n,11665,ルコック,6507
n,11666,プリンス,11432
n,11669,ウェア,9464
n,11670,ザナックス,7131
n,11671,アシックス,8778
n,11672,キットソン,8778
n,11673,ローチェ,8778
n,11674,シンプソン,8778
n,11675,セントクリストファー,8778
n,11676,アシックス,8536
n,11681,ゴーセン,11680
n,11682,ルイスビルスラッガー,7076
n,11683,ウェア,6357
n,11685,ユナイテッドアスレ,9356
n,11687,ユナイテッドアスレ,9366
n,11688,ユナイテッドアスレ,11621
n,11689,ユナイテッドアスレ,9432
n,11690,ゴーセン,4721
n,11691,ユナイテッドアスレ,11432
n,11692,ユナイテッドアスレ,9357
n,11694,インソール,6137
n,11696,アディダス,9038
n,11697,エレッセ,11680
n,11698,2017年春夏モデル,7596
n,11699,エレッセ,9357
n,11700,エレッセ,9356
n,11701,エレッセ,9358
n,11702,エレッセ,9366
n,11703,アクセサリ・小物,10242
n,11705,トップスアウター（ウインド・長袖他）,11704
n,11707,ミズノ,11706
n,11709,ミズノ,11708
n,11711,ユナイテッドアスレ,9359
n,11712,ユナイテッドアスレ,9358
n,11714,ユナイテッドアスレ,9367
n,11715,ワンピース,7591
n,11716,ユナイテッドアスレ,9369
n,11717,ユナイテッドアスレ,9368
n,11718,ユナイテッドアスレ,7505
n,11719,ユナイテッドアスレ,7511
n,11720,ユナイテッドアスレ,7506
n,11721,ヤサカ,11678
n,11722,シューズ,5285
n,11723,ジェーンスタイル,11432
n,11724,2017年春夏モデル,6225
n,11726,マルチスポーツ,5317
n,11758,オークリー,11615
n,11759,セルジオタッキーニ,11617
n,11761,プライマリーテニス,11620
n,11762,プライマリーテニス,4982
n,11763,ヨネックス,11680
n,11764,ウエーブライダー,4939
n,11766,バボラ,11680
n,11768,セルジオタッキーニ,5141
n,11769,プリンス,11680
n,11770,アディダス,11680
n,11774,マウスピース,5921
n,11777,SALE ウェア,9570
n,11778,ミズノ,9000
n,11779,柔道 SALE商品,4592
n,11780,ミズノ,11430
n,11782,SALE ウェア,11781
n,11784,SALE ウェア,11783
n,11785,SALE シューズ,11783
n,11786,SALE バッグ,11783
n,11787,SALE アクセサリ・小物,11783
n,11788,ウォーキング SALE商品,4592
n,11789,SALE シューズ,11788
n,11790,SALE アクセサリ・小物,8994
n,11791,SALE バッグ,8994
n,11792,ミズノ,9036
n,11793,SALE アクセサリ・小物,8215
n,11794,ミズノ,11793
n,11796,ミズノ,11795
n,11797,ミズノ,8778
n,11798,SALE シューズ,9008
n,11799,ミズノ,11798
n,11800,ミズノ,9003
n,11801,ミズノ,9009
n,11802,SALE アクセサリ・小物,9008
n,11803,ミズノ,11802
n,11804,ミズノ,9038
n,11805,SALE アクセサリ・小物,9027
n,11806,ミズノ,11805
n,11807,ミズノ,9028
n,11808,ミズノ,11556
n,11809,SALE シューズ,9776
n,11810,SALE アクセサリ・小物,8226
n,11811,ミズノ,11810
n,11812,ミズノ,9019
n,11813,ミズノ,8227
n,11814,SALE バッグ,8226
n,11815,ミズノ,11814
n,11816,SALE ウェア,11779
n,11817,SALE バッグ,11429
n,11818,SALE アクセサリ・小物,11429
n,11819,SALE ウェア,5216
n,11820,ミズノ,11819
n,11822,ミズノ,11821
n,11823,SALE バッグ,5216
n,11824,ミズノ,11823
n,11825,SALE ラケット・ラバー,5216
n,11826,ミズノ,11825
n,11827,SALE 軟式用グラブ,8378
n,11828,ミズノ,11827
n,11829,SALE 軟式用バット,8377
n,11831,SALE グラウンド用品,8213
n,11832,SALE アクセサリ・小物,8213
n,11834,SALE 審判用シューズ,8379
n,11835,ミズノ,8540
n,11836,ミズノ,8967
n,11837,SALE シューズ,11781
n,11838,ミズノ,11837
n,11839,ミズノ,11782
n,11841,ミズノ,11840
n,11842,SALE アンダーウェア,8994
n,11843,SALE アクセサリ・小物,9002
n,11844,SALE 手袋,8213
n,11845,ミズノ,11844
n,11846,SALE アクセサリ・小物,11779
n,11847,SALE　アクセサリ・小物,5212
n,11848,SALE　アクセサリ・小物,5214
n,11849,SALE キャッチャー用品,8213
n,11850,SALE キャッチャー用品,8214
n,11853,トレーニングボール,7258
n,11854,ミズノ,11680
n,11855,アンダーウェア,6013
n,11856,TSP,11678
n,11859,トップス（シャツ・ポロ他 ）,11858
n,11860,TSP,11859
n,11861,パンツ（ジュニア）,9185
n,11863,wundou（ウンドウ）,11680
n,11866,シースリーフィット（C3fit）,11865
n,11867,シースリーフィット（C3fit）,9398
n,11868,アンダーウェア,11627
n,11869,オークリー,11680
n,11871,エレッセ,9359
n,11872,エレッセ,9369
n,11873,エレッセ,9368
n,11874,エレッセ,9367
n,11875,デサント,6951
n,11877,デサント,11680
n,11878,スパイク・シューズ,8836
n,11880,キャップ・バイザー,11879
n,11882,2017年春夏モデル,11881
n,11884,ラケットバッグ,11883
n,11885,バッグ,8566
n,11886,バタフライ,11678
n,11887,バタフライ,11859
n,11889,硬式グローブ,11888
n,11890,軟式グローブ,11888
n,11892,シューズ,5295
n,11894,アンブロ,11893
n,11895,SSK,8198
n,11896,デサント,8198
n,11897,アンブロ,11680
n,11899,練習用ユニフォーム,11898
n,11900,アンダーシャツ,11898
n,11901,ベルト,11898
n,11902,ストッキング,11898
n,11903,アンダーソックス,11898
n,11904,スライディングパンツ,11898
n,11905,キャップ,11898
n,11906,スパイク,11898
n,11907,ゼット,8198
n,11908,ミズノ,8198
n,11910,アンダーアーマー,11680
n,11912,エレッセ,10007
n,11915,メンズ,11914
n,11916,レディース,11914
n,11918,ミズノ,11917
n,11919,エレッセ,9432
n,11920,MINE(マイン),6005
n,11921,MINE(マイン),11680
n,11922,MINE(マイン),6006
n,11930,UVキャンペーン,11929
n,11932,ニッタク,11678
n,11933,SALE　ウェア,5210
n,11934,ニッタク,11859
n,11935,ソックス,11858
n,11939,アクセサリ・小物,12665
n,11940,ミズノ,11865
n,11941,アディダス,10722
n,11942,アディダス,10726
n,11945,ローリングス,7026
n,11947,ローリングス,7030
n,11948,ローリングス,7076
n,11949,ローリングス,7069
n,11950,ローリングス,7067
n,11951,ローリングス,7060
n,11958,キャッチャー用品,11300
n,11964,ミズノ,11963
n,11969,ミズノ,11968
n,11971,ミズノ,11970
n,11972,ウェア（ジュニア）\ミズノ,11966
n,11975,ミズノ,11974
n,11976,アリーナ,11943
n,11977,アンブロJr(R),8667
n,11978,グローブ,6113
n,11980,アディダス,11979
n,11983,アディダス,11865
n,11984,アクセサリ・小物,8661
n,11985,ミズノ,11893
n,11986,シューズ,6137
n,11987,その他,6116
n,11988,アクセサリー,8990
n,11990,ローリングス,6970
n,11991,ローリングス,6968
n,11992,ローリングス,6998
n,11993,スキンズ,11680
n,11994,特価ウェア,5558
n,11996,スキンズ,6006
n,11997,スキンズ,6570
n,11998,ローリングス,8198
n,11999,アリーナ,10722
n,12000,アリーナ,10725
n,12001,アリーナ,10726
n,12002,アディダス,11893
n,12003,アディダス,11851
n,12005,ヴィクタス,11678
n,12006,デサント,6570
n,12007,ランニング用品,5321
n,12008,ゼット,11772
n,12009,ジェーンスタイル,11680
n,12011,ヨーラ,11678
n,12012,ヨーラ,9668
n,12013,アシックス,11917
n,12015,プーマ,5982
n,12016,バッグ,8737
n,12018,プーマ,11893
n,12019,ボール,8737
n,12022,アシックス,11893
n,12025,アシックス,11865
n,12026,ウェア,6848
n,12029,アシックス,12028
n,12032,アシックス,11963
n,12033,シューズ,5289
n,12034,アシックス,11979
n,12035,アシックス,11680
n,12036,デサント,11963
n,12037,アクセサリ・小物,10268
n,12038,その他,6068
n,12041,バッグプレゼントキャンペーン,10617
n,12042,プーマ,11680
n,12043,オピタノ,11680
n,12045,シャツ（ジュニア）,9251
n,12046,パンツ（ジュニア）,9251
n,12047,コート用品,5940
n,12049,カンタベリー,11865
n,12052,バッグ,10266
n,12053,シューズ,10266
n,12054,シューズ,7554
n,12057,ジュウイック,11859
n,12058,ジュウイック,11678
n,12059,ジュウイック,9666
n,12060,ジュウイック,9668
n,12064,ハンドウォーマー,4590
n,12066,エレッセ,12065
n,12068,プロテクター,5921
n,12069,練習器具,5921
n,12070,ボクシング用品,5463
n,12071,グローブ,5921
n,12072,ディアドラ,11933
n,12077,セントクリストファー,8777
n,12079,ディアドラ,12078
n,12082,ディアドラ,12081
n,12085,アームカバー,4590
n,12086,ルコック,12081
n,12087,アクセサリ・小物,9880
n,12088,ルイスビルスラッガー,7329
n,12089,トップス（シャツ・ポロ他 ）,11704
n,12093,セルジオタッキーニ,8776
n,12096,ヨガマット,12094
n,12101,ロールバッグ,8828
n,12102,アシックス,8534
n,12103,SALE ウェア,8214
n,12104,アシックス,8381
n,12105,アシックス,8585
n,12106,アシックス,11844
n,12108,SALE ウォームアップ,8380
n,12109,SALE グランド用品,8214
n,12110,アシックス,8967
n,12112,体操用品,8261
n,12113,すべり止シート,6037
n,12114,マルチスポーツ用品,8261
n,12115,ハンドゴールネット,9127
n,12116,ハンドボール用品,8261
n,12117,体操リング,6037
n,12121,アンブロ,12120
n,12127,卓球用品,8261
n,12128,オークリー,12081
n,12129,アンブロ,12081
n,12130,エレッセ,12081
n,12131,エレッセ,6409
n,12132,ソロ（thorlos）,6006
n,12133,ソロ（thorlos）,11680
n,12136,デサント,12081
n,12139,デサント,12078
n,12142,その他ブランド,11680
n,12147,アディダス,12081
n,12149,アディダス,12078
n,12152,アリーナ,12081
n,12153,ヨネックス,4721
n,12155,バドミントンシューズ,5291
n,12157,グリップテープ,12156
n,12158,アディダス,12120
n,12159,2017リーチョンウェイ限定品,11713
n,12161,アディダス,12160
n,12162,アディダス,10797
n,12164,アディダス,12163
n,12166,シューズ,12165
n,12168,ミズノ,12081
n,12170,ミズノ,12169
n,12173,ルイスビルスラッガー,7131
n,12175,ルイスビルスラッガー,7036
n,12180,ミズノ,12120
n,12181,ミズノ,12137
n,12183,ミズノ,12182
n,12184,ミズノ,12163
n,12185,プーマ,12120
n,12186,プーマ,6900
n,12187,プーマ,12081
n,12190,アクセサリ・小物,8836
n,12191,デサント,12182
n,12192,ザナックス,8198
n,12193,ソックス,10721
n,12194,ポイントキャンペーン,11091
n,12195,ウエア,10266
n,12196,バルデマッチ,8827
n,12200,シューズ,12199
n,12202,その他,10356
n,12203,ダンスキン,12081
n,12205,ダンスキン,12204
n,12206,ダンスキン,12065
n,12207,ダンスキン,9366
n,12208,フィラ,12081
n,12209,ダンスキン,9368
n,12210,カンタベリー,12163
n,12211,ミカサ,6049
n,12212,ミカサ,11963
n,12213,ウエア,10331
n,12214,マルチスポーツ用品,10330
n,12215,0号球,7312
n,12218,ボール,12217
n,12221,カンタベリー,12081
n,12223,ウェア,12222
n,12224,カンタベリー,12065
n,12225,マルチスポーツ用品,6178
n,12226,ステップリング・ジャンピングシェイプ,7939
n,12227,その他,7939
n,12229,ティーボール用品,10330
n,12230,バッグ,12222
n,12232,送料無料キャンペーン,9158
n,12233,アクセサリ・小物,12222
n,12237,コート用品,12156
n,12238,コート用品,4585
n,12241,ゼロフィット,12081
n,12242,ゼロフィット,6571
n,12243,ゼロフィット,12078
n,12246,レスリング用品,5462
n,12249,パンツ（ロングパンツ）,11858
n,12252,トップスアウター（ウィンド・長袖他）,11858
n,12254,パンツ（ショートパンツ・スコート他）,11858
n,12259,ミズノ,12258
n,12261,ミズノ,12260
n,12264,ユナイテッドアスレ,12065
n,12265,スティガ,4737
n,12267,タオル,12266
n,12268,ネックウォーマー,12236
n,12269,手袋,12236
n,12270,帽子,12236
n,12271,ウェア,12236
n,12272,ダウン・コート,12271
n,12273,その他,12236
n,12274,アンダーウェア,12271
n,12276,アシックス,12081
n,12278,ミズノ,12277
n,12280,グラテックス,12081
n,12288,オークリー,8778
n,12290,ソフトボール用品,10937
n,12291,セルジオタッキーニ,8778
n,12294,ユニックス,7076
n,12296,ユニックス,7036
n,12297,ユニックス,7131
n,12298,バタフライ,12169
n,12300,ヨネックス,12260
n,12302,アシックス,11776
n,12303,ミズノ,11776
n,12304,ダンスキン,6409
n,12307,ユニックス,7067
n,12308,トレーニング用品その他,8094
n,12309,アシックス,12078
n,12311,ユニックス,7100
n,12312,ゴーセン,12260
n,12314,アシックス,8198
n,12315,アクセサリ・小物,6373
n,12317,アシックス,12137
n,12318,アシックス,11708
n,12319,アシックス,10726
n,12321,アシックス,12320
n,12323,アシックス,12182
n,12324,アシックス,12120
n,12325,アシックス,9394
n,12326,アシックス,12163
n,12328,キットソン,8776
n,12329,アディダス,8776
n,12330,アディダス,11556
n,12331,ローリングス,7127
n,12332,バット,11300
n,12333,アシックス,9395
n,12334,ラコステ,7506
n,12335,ラコステ,7505
n,12338,プリンス,12260
n,12339,ユナイテッドアスレ,5997
n,12340,ユナイテッドアスレ,12081
n,12341,ユナイテッドアスレ,6007
n,12342,ユナイテッドアスレ,6000
n,12343,ユナイテッドアスレ,6002
n,12346,オークリー,8776
n,12348,ミズノ,12347
n,12351,ヨネックス,12258
n,12353,ローリングス,7657
n,12354,ローリングス,7658
n,12356,ローリングス,7536
n,12357,フィラ,12260
n,12358,ローリングス,7618
n,12363,ミズノ,12362
n,12364,ローリングス,8618
n,12365,ローチェ（roche）,12260
n,12366,ローチェ（roche）,4963
n,12368,ディアドラ,12260
n,12371,エレッセ,12260
n,12372,パラディーゾ,12260
n,12373,ニューバランス,12260
n,12374,シンプソン,12260
n,12375,TRUST-X,11713
n,12376,ヨネックス,12277
n,12377,ローリングス,8170
n,12379,ミズノ,12378
n,12381,バボラ,12260
n,12382,卒業・卒団記念商品,4593
n,12383,スリクソン,12260
n,12384,サッカー用品,10937
n,12386,バドミントン用品,10937
n,12387,バレーボール用品,10937
n,12388,フットサル用品,10937
n,12389,バスケットボール用品,10937
n,12390,陸上用品,10937
n,12392,その他,12391
n,12394,その他,12393
n,12395,体操用品,10937
n,12396,その他,5954
n,12397,バボラ,12277
n,12398,エレッセ,12277
n,12399,セルジオタッキーニ,12260
n,12400,アディダス,12260
n,12404,グランド用品,7192
n,12405,グランド用品,11422
n,12406,セルジオタッキーニ,8777
n,12407,キットソン,12260
n,12409,ラコステ,4963
n,12411,ラケット,12410
n,12413,アシックス,5142
n,12414,アシックス,12260
n,12415,セントクリストファー,12260
n,12417,セルジオタッキーニ,12258
n,12419,ハイドロ銀チタン,12418
n,12420,オピタノ,12260
n,12421,オークリー,12277
n,12423,ルコック,12260
n,12426,ミズノ,12425
n,12427,ラコステ,12260
n,12431,サポーター,12430
n,12435,カンタベリー,12434
n,12436,2018年春夏モデル,7596
n,12437,カンタベリー,12436
n,12438,カンタベリー,12277
n,12439,カンタベリー,7505
n,12441,ミズノ,12440
n,12442,デサント,12362
n,12443,デサント,12277
n,12445,デサント,12444
n,12446,サポーター,7122
n,12447,ルーセント,12260
n,12448,ゴーセン,12440
n,12450,シースリーフィット,12277
n,12451,プリンス,12277
n,12453,アディダス,12277
n,12454,その他,11349
n,12456,ヨーラ,4864
n,12457,ヘッド,12260
n,12458,ウェア,5304
n,12459,ヨーラ,4881
n,12461,その他,8912
n,12462,アディダス,12444
n,12463,アシックス,11539
n,12465,ウエーブスペーサースノー,4939
n,12466,ウエーブエアロ,4939
n,12467,ウエーブエンペラー,4939
n,12468,ウエーブアミュレット,4939
n,12469,ラッシュアップ,4939
n,12470,ソニックラッシュ,4939
n,12471,その他,4939
n,12473,シンクロ,4939
n,12475,ミズノ,12474
n,12476,ミズノ,10979
n,12477,マキシマイザー,4939
n,12478,その他,10437
n,12479,ジュニア,5210
n,12480,アンブロ,12474
n,12481,アンブロ,12277
n,12482,手袋,9591
n,12484,スノワート,11617
n,12489,デサント,12378
n,12491,セントクリストファー,12258
n,12492,卓球,11150
n,12493,ディマリニ,8496
n,12494,アディダス,12474
n,12495,イーストン,7323
n,12496,イーストン,7076
n,12497,イーストン,7026
n,12498,イーストン,7060
n,12499,イーストン,7069
n,12500,イーストン,7067
n,12501,イーストン,7129
n,12502,イーストン,7035
n,12503,プロケネックス,5226
n,12505,ヤサカ,12347
n,12507,バルデマッチ,12260
n,12510,アディダス,12509
n,12511,ウィルソン,5226
n,12512,500円1000円均一ウェア,8777
n,12513,TSP,12347
n,12514,アシックス,12347
n,12519,ATOMS（アトムズ）,7086
n,12520,ゼット,12425
n,12521,ATOMS（アトムズ）,7087
n,12522,ATOMS（アトムズ）,7088
n,12523,ATOMS（アトムズ）,7085
n,12526,ATOMS（アトムズ）,7030
n,12527,アクセサリ・小物,10785
n,12528,ミズノ,12434
n,12529,レスリング SALE商品,4592
n,12530,アシックス,9036
n,12531,リーニン,12260
n,12532,テニスジャンキー,12260
n,12533,ディアドラ,12277
n,12534,ダンスキン,12277
n,12535,ダンスキン ,12436
n,12537,ダンスキン,12536
n,12538,リーニン,8778
n,12539,バタフライ,12347
n,12540,フォーザ,12260
n,12541,カーソン,12260
n,12542,ミニボール,6874
n,12543,バッグ,7265
n,12544,アシックス,12444
n,12546,ボール,12545
n,12547,ケンコー,12546
n,12548,ヴィクタス,12347
n,12550,アシックス,12362
n,12551,アシックス,12277
n,12552,ルーセント,12347
n,12553,ルーセント,4864
n,12554,ルーセント,11859
n,12558,ニューバランス,8227
n,12559,バボラ,12258
n,12560,スリクソン,12258
n,12561,美津和タイガー,7067
n,12562,美津和タイガー,7035
n,12563,美津和タイガー,7036
n,12564,美津和タイガー,7129
n,12565,美津和タイガー,7026
n,12567,美津和タイガー,7030
n,12572,美津和タイガー,7657
n,12573,美津和タイガー,7087
n,12574,美津和タイガー,7088
n,12575,美津和タイガー,7086
n,12576,美津和タイガー,6968
n,12577,美津和タイガー,6970
n,12578,美津和タイガー,7103
n,12579,美津和タイガー,7104
n,12580,美津和タイガー,7102
n,12581,ゴーセン,12258
n,12582,美津和タイガー,7100
n,12583,美津和タイガー,7329
n,12584,美津和タイガー,7331
n,12585,美津和タイガー,7212
n,12586,美津和タイガー,7323
n,12587,美津和タイガー,7395
n,12588,美津和タイガー,7325
n,12589,プリンス,12258
n,12590,アディダス,12258
n,12591,アシックス,12258
n,12593,ミズノ,12592
n,12594,エレッセ,12258
n,12596,エレッセ,12595
n,12597,ヴィクター,12258
n,12599,ミズノ,12595
n,12600,ニューバランス,12258
n,12601,ラコステ,12258
n,12602,パラディーゾ,12258
n,12603,パラディーゾ,12595
n,12607,フィラ,12258
n,12609,ザムスト,12595
n,12610,ザムスト,6006
n,12611,UVケア商品,5181
n,12613,コンバース,12612
n,12616,ニッタク,12347
n,12618,ディアドラ,12258
n,12622,シンプソン,12258
n,12623,ディアドラ,12595
n,12624,ルコック,12258
n,12625,アクセサリ・小物,6965
n,12627,ローチェ,12258
n,12629,アシックス,8561
n,12630,キックミット,9171
n,12632,タオル,12631
n,12633,アクセサリ・小物,9171
n,12634,設備・備品,9171
n,12639,その他ストリング,5273
n,12645,ミズノ,12644
n,12647,ミズノ,12646
n,12649,ミズノ,12648
n,12650,カンタベリー,12595
n,12651,キットソン,12258
n,12656,バウアーファインド,12595
n,12657,バウアーファインド,6006
n,12659,ミズノ,12658
n,12660,ヨネックス,12595
n,12661,ユニーク,12260
n,12666,空手 SALE商品,4592
n,12668,ミズノ,12667
n,12669,レッグウォーマー,7495
n,12671,ミズノ,12065
n,12672,その他,12545
n,12673,wundou（ウンドウ）,11979
n,12674,ウンドウ（wundou）,6479
n,12675,A-WIN（アーウィン）,12260
n,12677,ポリファイバー,12258
n,12678,パーカー・ジャケット,12271
n,12679,パンツ・スカート,12271
n,12766,ザナックス,8381
n,12767,旧モデル,7912
n,12772,アディダス,12771
n,12776,ATOMS（アトムズ）,7076
n,12777,アディダス,12595
n,12779,アディダス,12658
n,12783,トマスカップ,11618
n,12795,カンタベリー,12794
n,12796,ブラックナイト,12258
n,12798,ジェーンスタイル,12595
n,12799,ゼット,8381
n,12800,アディダス,12646
n,12802,アディダス,12801
n,12803,アシックス,11827
n,12804,アシックス,8542
n,12806,パンツ（メンズ／ユニセックス）,12805
n,12808,SALEその他バット,8377
n,12809,ドニック,12347
n,12810,ドニック,11859
n,12812,ドニック,4737
n,12813,シューズ,5326
n,12815,ラケットボール　SALE商品,4592
n,12816,ブラックナイト,4648
n,12817,バタフライ,12592
n,12818,アディダス,12663
n,12821,ミズノ,12794
n,12822,ダンスキン,6807
n,12824,ウェア,12823
n,12826,シューズ,12823
n,12827,アクセサリ・小物,12823
n,12828,エレッセ,7505
n,12830,エレッセ,12829
n,12831,2019年春夏モデル,5867
n,12832,プリンス,12831
n,12834,アディダス,12831
n,12835,エレッセ,12831
n,12837,アディダス,12836
n,12841,グローブ,12840
n,12846,エレッセ,12845
n,12847,Dr.Neubauer,10096
n,12850,ラバー,12849
n,12852,ジュウイック,12347
n,12853,ルーセント,12258
n,12855,美津和タイガー,7069
n,12856,ゴーセン,12831
n,12857,ゴーセン,12845
n,12858,美津和タイガー,7060
n,12859,アンチスピンラバー,4734
n,12860,Dr.Neubauer,12859
n,12862,ミズノ,12831
n,12863,ミズノ,12845
n,12865,オークリー,12845
n,12866,ディアドラ,6006
n,12867,フィラ,12831
n,12869,ローリングス,7036
n,12870,ローリングス,7233
n,12872,サクライ貿易,11617
n,12873,美津和タイガー,7076
n,12876,マクダビッド,12595
n,12879,イーストン,7657
n,12880,イーストン,7329
ｎ,12881,イーストン,7346
n,12882,イーストン,7331
n,12883,2019年春夏モデル,10191
n,12884,ミズノ,12883
n,12886,ボール,8572
n,12887,リーニン,12277
n,12888,テクニファイバー,8827
n,12889,ルーセント,12277
n,12890,パラディーゾ,12831
n,12891,ヤング,12436
n,12892,パラディーゾ,12845
n,12893,ニューバランス,12831
n,12895,美津和タイガー,7346
n,12896,バボラ,12831
n,12897,ディアドラ,12831
n,12899,ルコック,12831
n,12900,ヨネックス,12831
n,12901,フィラ,12845
n,12903,ミズノ,12902
n,12904,ゼット,8542
n,12905,SALE 中学硬式用バット,8377
n,12906,SALE 少年軟式用バット,8377
n,12907,ウィルソン,8542
n,12909,ミズノ,12908
n,12910,スリクソン,12831
n,12912,ミズノ,12911
n,12914,ローチェ,12831
n,12915,バルデマッチ,8778
n,12916,ヨネックス,12845
n,12918,ソロ（thorlos）,12260
n,12919,美津和タイガー,11621
n,12920,スティガ,12347
n,12921,TSP,12254
n,12922,プリンス,12845
n,12923,シンプソン,12831
n,12924,アシックス,12831
n,12925,スキンズ,12081
n,12926,TSP,12277
n,12927,D＆M,12081
n,12928,ウンドウ（wundou）,11893
n,12929,ディアドラ,11724
n,12932,ジェーンスタイル,12931
n,12933,トレーニング用品,5918
n,12934,サポーター,9502
n,12935,ボールバッグ,11883
n,12939,ラコステ,12831
n,12940,ニューバランス,8537
n,12942,SALE ストリング,5212
n,12943,アリーナ ,12845
n,12944,セントクリストファー,12831
n,12945,アリーナ,6006
n,12946,アクセサリ・小物,6307
n,12947,エスエスケイ,8537
n,12948,ディアドラ,12845
n,12956,シューズ ,12955
n,12957,ニッタク,12883
n,12958,フィットネス水着,7554
n,12959,フィットネス水着,10266
n,12961,ミズノ,12960
n,12962,セルジオタッキーニ,12831
n,12963,SALEアンダーウェア,9027
n,12964,SALE グラウンドコート,8380
n,12965,内田販売システム,7076
n,12966,ヘッド,12831
n,12979,バタフライ,12883
n,12980,ルーセント,9662
n,12982,マルチコート用,5219
n,12984,ミズノ,12983
n,12986,ボール,12985
n,12987,バドミントン専用ストリングマシン,4586
n,13004,ヴィクター,12831
n,13005,カンタベリー,12902
n,13006,カンタベリー,12845
n,13007,アシックス,11472
n,13010,リザードスキンズ,7323
n,13022,アクセサリ・小物・ラケット備品,5316
n,13079,シースリーフィット,12845
n,13083,ヤサカ,12883
n,13084,スキンズ,12845
n,13086,ヨネックス,13085
n,13087,TSP,12883
n,13114,ドニック,12883
n,13115,ボール,5326
n,13116,ヴィクター,6521
n,13117,リザードスキンズ,11623
n,13118,ヴィクタス,12883
n,13120,ヴィクタス,4737
n,13122,Lilly ＆ Emma,12831
n,13123,Lilly ＆ Emma,5141
n,13124,アシックス,12883
n,13126,アディダス,13125
n,13127,バッグ,10743
n,13128,アディダス,11357
n,13129,ヘアバンド・リストバンド,11253
n,13130,アディダス,12845
n,13132,アディダス,13131
n,13135,アディダス,12911
n,13136,アディダス,12902
n,13137,アディダス,11708
n,13139,アディダス,13138
n,13142,アディダス,9220
n,13144,アクセサリ・小物,12430
n,13145,ミズノALL JAPAN,12838
n,13147,イーストン,11615
n,13148,バボラ,13085
n,13150,ジュウイック,12592
n,13153,Lilly ＆ Emma,8776
n,13154,スリクソン,13085
n,13155,その他,5969
n,13156,リーニン,12831
n,13158,フォーザ,12831
n,13160,アディダス,13085
n,13161,ゴーセン,13085
n,13162,ディアドラ,13085
n,13169,ディアドラ,13168
n,13170,アシックス,13085
n,13171,ミズノ,13085
n,13172,スティガ,12883
n,13173,プリンス,13085
n,13174,ぽちゃ猫イベント企画商品,4593
n,13175,プリンス,13168
n,13177,ボーイズリーグ用,7019
n,13178,リトルリーグ用,7019
n,13179,その他ボール,7258
n,13180,その他,7322
n,13181,パラディーゾ,13085
n,13182,アシックス,7388
n,13184,その他,7367
n,13185,キッズ用,7079
n,13186,トレーニング用品,7125
n,13187,ケアアイテム,7142
n,13188,ローチェ,13085
n,13189,P革,7142
n,13190,バッグ,8569
n,13191,美津和タイガー,8176
n,13192,フィラ,13085
n,13193,エレッセ,13085
n,13195,アシックス,13194
n,13196,SSK,13194
n,13198,グローブ,13197
n,13199,バット,13197
n,13200,アクセサリ・小物,13197
n,13201,フィットネス,12913
n,13202,野球,12913
n,13203,サッカー,12913
n,13204,バスケットボール,12913
n,13205,オークリー,13085
n,13207,美津和タイガー,6971
n,13208,ニューバランス,13085
n,13209,その他,5141
n,13210,アームスリーブ,6013
n,13211,その他ブランド,7263
n,13212,newモデル,6013
n,13221,ドナイヤ,11618
n,13222,ローリングス,7232
n,13223,カッターズ,7323
n,13224,ドナイヤ,7087
n,13225,ドナイヤ,7086
n,13226,ドナイヤ,7088
n,13228,ドナイヤ,7102
n,13229,ドナイヤ,7103
n,13230,ドナイヤ,7104
n,13232,シンプソン,13085
n,13233,カッターズ,11616
n,13234,ルコック,13085
n,13236,捕手用,7080
n,13237,一塁手用,7080
n,13238,捕手用,7081
n,13239,一塁手用,7081
n,13240,アドミラル,13085
n,13241,セントクリストファー,13085
n,13242,セルジオタッキーニ,13085
n,13244,エレッセ,7511
n,13246,その他,8778
n,13247,その他,5227
n,13248,その他,5226
n,13249,SALE アクセサリ・小物,5216
n,13250,エスエスケイ,8542
n,13251,ゼット,8967
n,13253,テニスジャンキー,12831
n,13254,バルデマッチ,12831
n,13255,捕手用,7211
n,13256,一塁手用,7211
n,13257,美津和タイガー,6998
n,13259,ミズノ,13258
n,13260,アシックス,13258
n,13261,ゼット,13258
ｎ,13262,SSK,13258
n,13263,デサント,13258
ｎ,13264,イーストン,8176
n,13265,ミズノ,13194
n,13267,アンブロ,6084
n,13268,アンブロ,7436
n,13269,デサント,6048
n,13270,デサント,6058
n,13271,ヤング,7536
n,13272,ローリングス,8182
n,13273,美津和タイガー,8182
n,13274,ボールケース,7328
n,13275,SALE トレーニングバット,8377
n,13276,エスエスケイ,8967
n,13277,SALE 少年硬式用バット,8377
n,13278,その他,8967
n,13279,ルーセント,13085
n,13282,SALE 少年硬式グラブ,8378
n,13283,SALE 少年軟式グラブ,8378
n,13284,その他ブランド,11827
n,13286,ヨネックス,13285
n,13287,SALE バックパック,8540
n,13288,パラディーゾ,13285
n,13289,その他ブランド,11844
n,13290,アクセサリ・小物,10304
n,13292,ダンスキン,8995
n,13293,バット,10304
n,13294,アクセサリ・小物,10858
n,13295,ミズノ,13285
n,13296,フィラ,13285
n,13297,プリンス,13285
n,13298,バッグ,8661
n,13299,お洒落グリップテープ,4593
n,13300,SALE ショルダーバッグ,8540
n,13301,アディダス,12546
n,13302,ブラックナイト,13285
n,13303,ブラックナイト,13085
n,13304,アシックス,8882
n,13305,モルテン,12546
n,13307,アドミラル,8776
n,13308,アドミラル,8778
n,13309,ニュースポーツ・リクエーション用品,6880
n,13310,ゴーセン,13285
n,13311,水球用品,7554
n,13312,その他スポーツ,6880
n,13313,フラッグフットボール用品,5908
n,13314,アドミラル,13285
n,13315,ルコック,13285
n,13316,アドミラル,11615
n,13317,ローチェ,13285
n,13319,ディアドラ,13285
n,13320,アディダス,13285
n,13321,アシックス,13285
n,13322,シンプソン,13285
n,13323,エレッセ,13285
n,13324,セントクリストファー,13285
n,13325,ダンスキン,13285
n,13326,セルジオタッキーニ,13285
n,13327,ダンロップ,13285
n,13328,スリクソン,13285
n,13329,バボラ,13285
n,13330,アディダス,6945
n,13331,ニュースポーツ・リクレエーション用,5463
n,13332,グラウンド用品,7897
n,13333,ラコステ,13285
n,13334,ニューバランス,13285
n,13335,グラウンドソフトボール用品,7125
n,13336,SALE シューズケース,8540
n,13337,SALE プロテクター,8213
n,13338,ヘッド,13285
n,13339,パデル商品,Root
n,13341,SALE 手袋,5222
n,13343,家トレ,4593
n,13344,バルデマッチ,13285
n,13345,テニスジャンキー,13285
n,13347,ヨネックス,13346
n,13348,プリンス,13346
n,13349,ディアドラ,13346
n,13350,ゴーセン,13346
n,13351,ジャンキーシリーズ,8827
n,13352,アディダス,13346
n,13353,サッカー用品,5317
n,13354,バボラ,13346
n,13355,ミズノ,13346
n,13356,ルコック,13346
n,13357,オピタノ,13285
n,13358,セントクリストファー,13346
n,13359,ローチェ,13346
n,13360,モンチッチスポーツ,13285
n,13361,エレッセ,13346
n,13362,ローリングス,7035
n,13363,パラディーゾ,13346
n,13364,特価アシックスシューズ,8379
n,13365,ヴィクター,13346
n,13366,アシックス,13346
n,13367,ダンロップ,13346
n,13368,Tシャツ・ポロシャツ,7889
n,13369,ヴィクター,13285
n,13370,コラボ商品,4593
n,13371,SALE スタッドスパイク,8379
n,13372,フィラ,13346
n,13373,シンプソン,13346
n,13374,ラコステ ,13346
n,13375,アドミラル,13346
n,13376,スカッシュ　SALE商品,4592
n,13377,カラーグラブ,7081
n,13379,プリンス,13378
n,13380,モンチッチスポーツ,13346
n,13381,リーニン,13285
n,4585,ソフトテニス,Root
n,4590,ウェア,Root
n,4624,カーペットコート用,4597
n,4625,サンダル,4597
n,4648,ラケット,4586
n,4652,ストリングス（ロール・SET）,4586
n,4657,ラケット備品（チューンナップ用品）,4586
n,4660,コート用品,4586
n,4661,ジュニア,4586
n,4662,その他,4626
n,4665,ヨネックス,4648
n,4666,ゴーセン,4648
n,4667,ウィルソン,4648
n,4668,ミズノ,4648
n,4669,バボラ,4648
n,4670,プリンス,4648
n,4671,プロケネックス,4648
n,4673,ヨネックス,4649
n,4674,ミズノ,4649
n,4675,アシックス,4649
n,4676,その他ブランド,4649
n,4678,インソール,4677
n,4680,その他,4677
n,4681,ヨネックス,4651
n,4683,その他ブランド,4651
n,4686,ヨネックス,4684
n,4687,ゴーセン,4684
n,4689,その他ブランド,4684
n,4690,ナイロン球・人工球,4654
n,4692,バドミントン専用,4655
n,4695,シューズ,4661
n,4696,月刊誌,4663
n,4698,DVD・専門誌,4663
n,4700,トレーニング用品・練習グッズ,4663
n,4705,ヨネックス,4701
n,4707,ゴーセン,4701
n,4708,ダンロップ,4701
n,4710,プリンス,4701
n,4711,ミズノ,4701
n,4715,ヨネックス,4714
n,4717,ゴーセン,4714
n,4718,ミズノ,4714
n,4720,その他ブランド,4714
n,4721,ストリングス（ロール・SET）,4585
n,4725,ボール,4723
n,4726,その他ボール備品,4723
n,4729,月刊誌,4728
n,4731,DVD・専門誌,4728
n,4732,トレーニング用品・練習グッズ,4728
n,4751,ジュニア,4587
n,4851,公認球,4735
n,4852,トレーニング球,4735
n,4853,ラージボール,4735
n,4854,視覚ハンディキャップボール,4735
n,4856,ボールケース他　ボール備品,4735
n,4862,サンダル・シューズケース・シューズ備品,4737
n,4864,公認／トップス,4738
n,4881,公認／パンツ・スコート,4738
n,4887,アンダーウェア,4738
n,4889,3S以下（Jrサイズ対応）,4738
n,4894,ラケットケース,4746
n,4896,ショルダー・リュック・トーナメント他,4746
n,4898,シューズケース・ナップサック,4746
n,4901,ボールケース,4748
n,4902,その他バッグ,4746
n,4904,接着剤・接着シート,4747
n,4905,サイドテープ,4747
n,4906,グリップテープ,4747
n,4907,メンテナンス用品,4747
n,4908,サポーター,4748
n,4909,タオル,4748
n,4910,ヘアバンド・リストバンド,4748
n,4912,ストラップ・キーホルダー,4748
n,4914,トレーニング用品・練習グッズ,4748
n,4916,その他アクセサリ・小物,4748
n,4918,ボールかご・ボールバック,4750
n,4922,ネット・サポート・カウンター,4750
n,4924,フェンス,4750
n,4925,その他コート用品,4750
n,4927,DVD・専門誌,4753
n,4929,トレーニング用品・練習グッズ,4753
n,4934,バッグ,4589
n,4935,アクセサリ・小物,4589
n,4937,シューズ備品,4932
n,4938,アシックス,4936
n,4939,ミズノ,4936
n,4940,ニューバランス,4936
n,4941,その他ブランド,4936
n,4950,ラケット,4948
n,4951,ボール,4948
n,4953,アクセサリ・小物,4948
n,4954,ラケット,4949
n,4955,アクセサリ・小物,4949
n,4959,ウェア（メンズ／ユニセックス）,4590
n,4961,ウェア（ジュニア用）,4590
n,4963,キャップ・バイザー,4590
n,4964,ヘアバンド・リストバンド,4590
n,4965,グローブ,4590
n,4975,パンツ（ロングパンツ）,4959
n,4977,バドミントン公認パンツ,4959
n,4978,その他バドミントン向けウェア,4959
n,4980,ソフトテニス公認パンツ,4959
n,4981,その他ソフトテニス向けウェア,4959
n,4983,ディアドラ,4972
n,4984,バボラ,4972
n,4985,ヨネックス,4972
n,4986,ダンロップ,4972
n,4987,スリクソン,4972
n,4988,アディダス,4972
n,4989,ウィルソン,4972
n,4990,プリンス,4972
n,4991,ミズノ,4972
n,4992,ゴーセン,4972
n,4993,バルデマッチ,4972
n,4995,パラディーソ,4972
n,4999,フィラ,4972
n,5002,ニューバランス,4972
n,5007,エレッセ,4972
n,5011,ルーセント,4972
n,5017,その他ブランド,4972
n,5019,ディアドラ,4973
n,5021,バボラ,4973
n,5023,ヨネックス,4973
n,5025,ダンロップ,4973
n,5028,スリクソン,4973
n,5030,アディダス,4973
n,5032,ウィルソン,4973
n,5034,プリンス,4973
n,5036,ミズノ,4973
n,5038,ゴーセン,4973
n,5041,バルデマッチ,4973
n,5043,パラディーソ,4973
n,5044,フィラ,4973
n,5046,エレッセ,4973
n,5048,ルーセント,4973
n,5051,その他ブランド,4973
n,5052,ディアドラ,4974
n,5053,バボラ,4974
n,5054,ヨネックス,4974
n,5055,ダンロップ,4974
n,5057,スリクソン,4974
n,5059,アディダス,4974
n,5061,ウィルソン,4974
n,5064,プリンス,4974
n,5066,ミズノ,4974
n,5068,バルデマッチ,4974
n,5070,フィラ,4974
n,5074,エレッセ,4974
n,5077,ルーセント,4974
n,5081,ニューバランス,4974
n,5082,その他ブランド,4974
n,5083,ディアドラ,4975
n,5084,バボラ,4975
n,5085,アディダス,4975
n,5086,ウィルソン,4975
n,5087,プリンス,4975
n,5089,ミズノ,4975
n,5093,エレッセ,4975
n,5094,フィラ,4975
n,5095,ヨネックス,4976
n,5096,ミズノ,4976
n,5097,ゴーセン,4976
n,5098,アディダス,4976
n,5099,バボラ,4976
n,5101,プリンス,4976
n,5103,エレッセ,4976
n,5106,ヨネックス,4979
n,5109,ミズノ,4979
n,5112,ゴーセン,4979
n,5114,ルーセント,4979
n,5117,アディダス,4979
n,5120,ダンロップ,4979
n,5122,プリンス,4979
n,5131,ディアドラ,4982
n,5133,バボラ,4982
n,5134,ヨネックス,4982
n,5136,ウィルソン,4982
n,5137,プリンス,4982
n,5138,ミズノ,4982
n,5139,ゴーセン,4982
n,5140,その他ブランド,4982
n,5141,トップス（シャツ・ポロ他 ）,4960
n,5142,パンツ（ショートパンツ・スコート他）,4960
n,5143,スパッツ・アンダースコート,4960
n,5144,ワンピース,4960
n,5145,レギンス,4960
n,5149,バドミントン公認ショートパンツ・スコート,4960
n,5150,その他バドミントン向けウェア,4960
n,5152,ソフトテニス公認パンツ,4960
n,5153,その他ソフトテニス向けウェア,4960
n,5154,ディアドラ,5141
n,5155,バボラ,5141
n,5156,ヨネックス,5141
n,5157,ルコック,5141
n,5158,ニューバランス,5141
n,5159,パラディーソ,5141
n,5160,ダンロップ,5141
n,5161,スリクソン,5141
n,5162,アディダス,5141
n,5163,ウィルソン,5141
n,5164,プリンス,5141
n,5165,ミズノ,5141
n,5166,ゴーセン,5141
n,5167,バルデマッチ,5141
n,5168,フィラ,5141
n,5170,エレッセ,5141
n,5171,ルーセント,5141
n,5177,ディアドラ,5142
n,5180,バボラ,5142
n,5181,ボディーケア用品,4591
n,5182,サングラス（アイウェア）,4591
n,5183,ヨネックス,5142
n,5185,サプリメント,5178
n,5186,ドリンク,5178
n,5187,肩用,5179
n,5188,ルコック,5142
n,5189,ひじ用,5179
n,5190,手首用,5179
n,5191,ニューバランス,5142
n,5192,腰用,5179
n,5193,太もも用,5179
n,5194,ひざ用,5179
n,5195,パラディーソ,5142
n,5196,ふくらはぎ用,5179
n,5197,ダンロップ,5142
n,5198,アキレス腱用,5179
n,5199,足首用,5179
n,5200,その他サポーター,5179
n,5201,テーピング,5181
n,5202,スリクソン,5142
n,5203,アイシング用品,5181
n,5205,スポーツアクセサリー,5181
n,5206,アディダス,5142
n,5207,ビデオ・DVD,5181
n,5208,ウィルソン,5142
n,5209,プリンス,5142
n,5211,ミズノ,5142
n,5213,ゴーセン,5142
n,5214,バドミントン SALE商品,4592
n,5215,バルデマッチ,5142
n,5216,卓球 SALE商品,4592
n,5218,フィラ,5142
n,5220,SALE ストリングス,5210
n,5222,SALE　アクセサリ・小物,5210
n,5224,SALE ソフトテニスボール,5212
n,5226,SALE ラケット,5214
n,5227,SALE シューズ,5214
n,5228,SALE シャトル,5214
n,5236,エレッセ,5142
n,5243,サングラス（アイウェア）,5234
n,5244,ルーセント,5142
n,5246,グローブ,5234
n,5248,ネックガード・アームカバー,5234
n,5250,バイザー・キャップ,5234
n,5251,アンダーウェア,5234
n,5253,その他,5234
n,5258,ディアドラ,5146
n,5259,バボラ,5146
n,5262,ヨネックス,5146
n,5265,ダンロップ,5146
n,5268,ラケプラオリジナル,11623
n,5269,ウィルソン,5146
n,5271,プリンス,5146
n,5272,ルーセント,11623
n,5273,ルキシロン,11623
n,5274,スリクソン,5146
n,5275,ルコック,11623
n,5276,ミズノ,5146
n,5277,その他ラ行・ワ行,11623
n,5278,ゴーセン,5146
n,5280,ミズノ,11621
n,5281,バルデマッチ,5146
n,5284,ルコック,5146
n,5286,ユニーク,11621
n,5287,ユニバー,11621
n,5288,ルーセント,5146
n,5292,その他マ行・ヤ行,11621
n,5293,パラディーソ,5146
n,5301,プリンス,11620
n,5302,プロケネックス,11620
n,5303,ベースボールマガジン,11620
n,5305,ボウブランド,11620
n,5307,ポリスター,11620
n,5308,ディアドラ,5147
n,5309,ポリファイバー,11620
n,5310,その他ハ行,11620
n,5311,バボラ,5147
n,5312,アディダス,5147
n,5313,ナイキ,11619
n,5316,ダンロップ,11618
n,5317,ディアドラ,11618
n,5318,TSP,11618
n,5319,ウィルソン,5147
n,5321,デサント,11618
n,5322,トアルソン,11618
n,5323,トーナ,11618
n,5324,プリンス,5147
n,5326,DONIC（ドニック）,11618
n,5327,その他タ行,11618
n,5329,ザムスト,11617
n,5330,ヨネックス,5147
n,5331,C3fit（シースリーフィット）,11617
n,5332,ミズノ,5147
n,5334,ルーセント,5147
n,5336,シグナムプロ,11617
n,5338,ゴーセン,5147
n,5340,ニューバランス,5147
n,5341,ヨネックス,5148
n,5342,ミズノ,5148
n,5343,ゴーセン,5148
n,5345,バボラ,5148
n,5346,プリンス,5148
n,5348,エレッセ,5148
n,5349,ヨネックス,5151
n,5350,ミズノ,5151
n,5351,ゴーセン,5151
n,5352,ルーセント,5151
n,5354,ダンロップ,5151
n,5355,プリンス,5151
n,5357,シャツ（メンズ／ユニセックス）,4967
n,5358,パンツ（メンズ／ユニセックス）,4967
n,5359,下着（メンズ／ユニセックス）,4967
n,5360,シャツ（レディース）,4967
n,5361,パンツ（レディース）,4967
n,5362,下着（レディース）,4967
n,5363,使用しない使用しない使用しない使用しない使用しない,4967
n,5364,使用しない使用しない使用しない使用しない使用しない,4967
n,5367,スキンズ,11617
n,5369,サ行その他,11617
n,5440,ガンマ,11616
n,5444,キモニー,11616
n,5447,クールビット,11616
n,5451,テニスストリングス,5291
n,5452,ソフトテニスラケット,5291
n,5455,ソフトテニスストリングス,5291
n,5456,コカ・コーラ,11616
n,5460,カ行その他,11616
n,5461,バドミントンラケット,5291
n,5462,アシックス,11615
n,5464,バドミントンストリングス,5291
n,5465,アミノバイタル,11615
n,5466,シャトル,5291
n,5467,アリスト,11615
n,5468,アンブロ,11615
n,5469,イソスピード,11615
n,5470,アクセサリ・小物・ラケット備品他,5291
n,5472,バッグ,5291
n,5473,ウェア(テニス バドミントン ソフトテニス),5291
n,5474,その他,5291
n,5475,ラケット,5289
n,5476,ラバー,5289
n,5477,ボール,5289
n,5478,アクセサリ・小物・ラケット備品・バッグ,5289
n,5479,ウェア,5289
n,5480,その他,5289
n,5481,ラケット,5285
n,5484,ラバー,5285
n,5485,エレッセ,11615
n,5486,ボール,5285
n,5487,ア行その他,11615
n,5489,アクセサリ・小物・ラケット備品・バッグ,5285
n,5491,ウェア,5285
n,5495,その他,5285
n,5500,バドミントン用品,5482
n,5507,その他,5482
n,5508,テニスラケット・ソフトテニスラケット,5454
n,5510,バドミントンラケット,5454
n,5516,テニスストリングス,5454
n,5518,ソフトテニスストリングス,5454
n,5519,バドミントンストリングス,5454
n,5521,シャトル,5454
n,5522,アクセサリ・小物・ラケット備品,5454
n,5527,バッグ,5454
n,5528,ウェア,5454
n,5530,その他,5454
n,5533,アクセサリ・小物・ラケット備品他,5304
n,5537,ラケット,5458
n,5538,ラバー,5458
n,5540,ボール,5458
n,5542,その他,5458
n,5543,ラケット,5337
n,5544,ラバー,5337
n,5545,ボール,5337
n,5546,アクセサリ・小物・ラケット備品,5301
n,5548,ウェア,5301
n,5549,その他,5301
n,5551,ウェア,5337
n,5553,その他,5337
n,5556,アクセサリ・小物・ラケット備品・バッグ,5368
n,5557,アクセサリ・小物・ラケット備品・バッグ,5300
n,5559,その他,5368
n,5560,ウェア,5300
n,5561,テニスラケット,5316
n,5562,その他,5300
n,5564,テニスボール,5316
n,5565,ウェア・バッグ・小物,5298
n,5566,ソフトテニスラケット,5316
n,5567,バッグ,5316
n,5569,ウェア,5316
n,5570,その他,5316
n,5574,ラケット,5318
n,5575,ラバー,5318
n,5576,ボール,5318
n,5577,アクセサリ・小物・ラケット備品・バッグ,5318
n,5578,ウェア,5318
n,5579,その他,5318
n,5581,ストリングス,5320
n,5583,ウェア,5297
n,5584,アクセサリ・小物・ラケット備品・バッグ他,5297
n,5586,アクセサリ・小物・ラケット備品・バッグ他,5296
n,5587,ウェア,5296
n,5590,テニスストリングス,5295
n,5591,バドミントン用品,5295
n,5592,アクセサリ・小物・ラケット備品,5295
n,5593,バッグ,5295
n,5594,その他,5295
n,5595,ラケット,5294
n,5596,ラバー,5294
n,5597,ボール,5294
n,5598,アクセサリ・小物・ラケット備品・バッグ,5294
n,5599,ウェア,5294
n,5600,その他,5294
n,5601,ラケット,5314
n,5602,ラバー,5314
n,5603,ボール,5314
n,5604,アクセサリ・小物・ラケット備品・バッグ,5314
n,5605,ウェア,5314
n,5606,その他,5314
n,5615,ソックス,4960
n,5618,その他ブランド,5615
n,5619,ゴーセン,5615
n,5620,ミズノ,5615
n,5621,プリンス,5615
n,5623,ダンロップ／スリクソン,5615
n,5624,ヨネックス,5615
n,5625,バボラ,5615
n,5626,ディアドラ,5615
n,5629,ウェア,5295
n,5630,ルーセント,4975
n,5631,アディダス,5146
n,5632,フィラ,5146
n,5633,ニューバランス,5146
n,5634,ヨネックス,4975
n,5635,その他ブランド,4975
n,5637,エレッセ,5146
n,5639,その他ブランド,5146
n,5641,パラディーソ,5147
n,5642,フィラ,5147
n,5643,その他ブランド,5147
n,5644,その他ブランド,5142
n,5646,ゴーセン,4975
n,5688,ネックウォーマー・ネックガード,4590
n,5698,シンプソン,11617
n,5699,シンプソン,4972
n,5700,シンプソン,4973
n,5701,シンプソン,4974
n,5702,シンプソン,4975
n,5703,シンプソン,4982
n,5704,シンプソン,5615
n,5705,シンプソン,5147
n,5706,シンプソン,5141
n,5707,シンプソン,5142
n,5708,シンプソン,5146
n,5718,ルコック,5147
n,5722,その他ブランド,5148
n,5723,その他ブランド,5151
n,5758,ウィルソン,4976
n,5759,ウィルソン,5148
n,5770,ヨネックス,4936
n,5824,ゴーセン,4974
n,5825,バドミントン公認パンツ,4960
n,5826,ジェーンスタイル,11617
n,5827,バネ,4937
n,5828,ソフソール,4937
n,5840,スパッツィオ,11617
n,5867,年度別ウェア,4590
n,5878,SALE　タオル,5222
n,5880,ラコステ,4972
n,5881,ラコステ,4973
n,5882,ラコステ,4974
n,5889,ピンクイオン,11620
n,5916,シューズ,5908
n,5931,シューズ,5926
n,5932,シューズ,5923
n,5935,シューズ,5915
n,5936,シューズ,5925
n,5937,シューズ,5919
n,5938,シューズ,5918
n,5939,シューズ,5898
n,5940,リーニン,11623
n,5941,バドミントンラケット,5940
n,5942,リーニン,4648
n,5943,リーニン,4651
n,5944,リーニン,4649
n,5946,リーニン,4972
n,5947,リーニン,4973
n,5948,リーニン,4974
n,5949,リーニン,4975
n,5950,リーニン,4976
n,5951,ニューバランス,4973
n,5952,リーニン,5141
n,5953,エムズプロジェクト,11615
n,5955,アクセサリ・小物・ラケット備品,5940
n,5956,タオル,5954
n,5957,リストバンド,5954
n,5961,ダンスキン,5147
n,5963,ダンスキン,11618
n,5966,リーニン,4684
n,5967,アーウィン,4684
n,5968,フォーザ,4648
n,5970,バドミントンラケット,5969
n,5971,バドミントンストリングス,5969
n,5972,アクセサリ・小物・ラケット備品,5969
n,5974,フォーザ,4972
n,5975,ウエア,5969
n,5976,フォーザ,4973
n,5977,フォーザ,4975
n,5978,フォーザ,4976
n,5979,フォーザ,5142
n,5980,フォーザ,4974
n,5982,バッグ,5892
n,5984,ニューバランス,4975
n,5988,ルコック,4972
n,5989,ルコック,4973
n,5990,ルコック,4974
n,5991,ルコック,4975
n,6005,ソックス,5994
n,6008,ネックウォーマー・ネックガード,5900
n,6009,キャップ・帽子,5900
n,6010,ヘアバンド・リストバンド,5900
n,6011,グローブ,5900
n,6012,使用しない使用しない使用しない使用しない使用しない,4967
n,6019,リーボック,6002
n,6023,デサント,6001
n,6025,アシックス,6001
n,6027,チャンピオン,6002
n,6028,デサント,6002
n,6029,アシックス,6002
n,6030,チャンピオン,6004
n,6031,アシックス,6004
n,6032,デサント,6004
n,6033,チャンピオン,11618
n,6035,シューズ,5897
n,6036,シューズ,5901
n,6038,シューズ,6037
n,6042,アンダーウェア,6039
n,6051,デサント,6046
n,6052,デサント,6047
n,6054,デサント,6049
n,6055,デサント,6050
n,6061,デサント,6056
n,6064,デサント,6059
n,6065,デサント,6060
n,6067,リーボック,6004
n,6069,タオル,6068
n,6071,ガンマ,4596
n,6072,シューズ,5891
n,6081,キャップ・帽子,6078
n,6082,ヘアバンド・リストバンド,6078
n,6083,ネックウォーマー・ネックガード,6078
n,6090,アンブロ,6085
n,6091,アンブロ,6086
n,6092,アンブロ,6087
n,6093,アンブロ,6088
n,6103,スパッツィオ,6097
n,6105,スパッツィオ,6100
n,6106,スパッツィオ,6101
n,6107,スパッツィオ,6102
n,6108,ルコック,6084
n,6109,ルコック,6085
n,6110,ルコック,6086
n,6111,ルコック,6087
n,6112,ルコック,6088
n,6113,アクセサリ・小物,5892
n,6114,シンガード（レガース）,6113
n,6118,スパッツィオ,6117
n,6120,スパッツィオ,6119
n,6122,スパッツィオ,6121
n,6126,ルコック,5998
n,6127,ルコック,5999
n,6128,ルコック,6001
n,6129,ルコック,6003
n,6130,ルコック,6005
n,6131,ルコック,5997
n,6132,ルコック,6000
n,6133,ルコック,6002
n,6134,ルコック,6004
n,6135,ルコック,6006
n,6138,サンダル,6137
n,6140,アンブロ,6097
n,6141,アンブロ,6099
n,6143,アンブロ,6101
n,6153,ヴィクタス,11615
n,6159,ウイダー,11615
n,6163,グリコ,11616
n,6164,コラントッテ,11616
n,6165,ケンタイ,11616
n,6169,ザバス,11617
n,6171,ソフソール,11617
n,6174,スワンズ,11617
n,6176,キャピタルスポーツ,11616
n,6178,トーエイ,11618
n,6179,寺西喜商店,11618
n,6182,テニック,11618
n,6183,ディーアンドエム,11618
n,6188,フィーリングテニス,11620
n,6193,ボレー,11620
n,6195,マクダビッド,11621
n,6198,わんこテニス,11623
n,6199,ラコステ,11623
n,6203,ネックウォーマー・ネックガード,6094
n,6205,キャップ・帽子,6094
n,6206,その他,5918
n,6213,ヨネックス,6209
n,6215,ヨネックス,6211
n,6220,卓球台,4587
n,6229,ゴーセン,6210
n,6230,ゴーセン,6212
n,6231,デサント,5998
n,6232,デサント,5997
n,6233,デサント,6003
n,6236,デサント,6006
n,6246,タオル,6245
n,6248,リュック／デイバッグ,6247
n,6249,トートバッグ,6247
n,6250,ショルダーバッグ,6247
n,6252,ミニバッグ・小物入れその他,6247
n,6253,ジュニア用,6247
n,6255,バッグ,5321
n,6256,卓球台,5314
n,6257,レッグウォーマー,4590
n,6258,コート用品,5314
n,6264,デサント,6000
n,6282,パラディーゾ,4974
n,6308,ウエア,6307
n,6311,アリーナ,6002
n,6312,アリーナ,6004
n,6315,プーマ,6002
n,6316,プーマ,5998
n,6317,プーマ,6001
n,6318,プーマ,6007
n,6319,プーマ,6000
n,6320,プーマ,6004
n,6321,プーマ,5999
n,6322,プーマ,6003
n,6323,クラブ,5898
n,6324,ボール,5898
n,6325,バッグ,5898
n,6326,アクセサリー・小物,5898
n,6327,クラブ,5925
n,6328,ボール,5925
n,6330,アクセサリ・小物,5925
n,6331,グランドゴルフ,5462
n,6332,パークゴルフ,5462
n,6336,スティガ,11617
n,6360,シューズ,6359
n,6362,シューズ,6361
n,6364,シューズ,6363
n,6366,シューズ,6365
n,6368,シューズ,6367
n,6370,シューズ,6369
n,6371,シューズ,6331
n,6372,シューズ,6332
n,6375,アシックス,5997
n,6376,アシックス,6000
n,6377,アシックス,6006
n,6379,アシックス,6084
n,6380,アシックス,6085
n,6381,アシックス,6086
n,6382,アシックス,6087
n,6384,アシックス,6056
n,6389,シューズ,6374
n,6391,アシックス,4982
n,6395,時計,6245
n,6396,アシックス,6007
n,6400,アシックス,5998
n,6401,アシックス,5999
n,6402,アシックス,6003
n,6403,アシックス,6005
n,6405,フィラ,4982
n,6406,フィラ,5615
n,6409,レギンス,5994
n,6410,アシックス,6409
n,6413,ラスタ,11623
n,6417,アシックス,6415
n,6423,アシックス,6422
n,6431,アシックス,6424
n,6432,アシックス,6425
n,6433,アシックス,6426
n,6434,アシックス,6427
n,6435,アシックス,6428
n,6436,アシックス,6429
n,6437,アシックス,6430
n,6445,アシックス,6438
n,6446,アシックス,6439
n,6447,アシックス,6440
n,6450,アシックス,6443
n,6451,アシックス,6444
n,6452,ウェア(ジュニア用),6418
n,6455,ウィルソン,4684
n,6456,ミズノ,4684
n,6461,ウェア（レディース）,6458
n,6468,ネックウォーマー・ネックガード,6458
n,6480,アシックス,6471
n,6481,アシックス,6472
n,6482,アシックス,6473
n,6483,アシックス,6475
n,6485,アシックス,6477
n,6486,アシックス,6478
n,6487,アシックス,6479
n,6494,アシックス,6088
n,6495,アシックス,6046
n,6496,アシックス,6047
n,6497,アシックス,6048
n,6498,アシックス,6049
n,6499,アシックス,6050
n,6500,アシックス,6057
n,6501,アシックス,6058
n,6502,アシックス,6059
n,6503,アシックス,6060
n,6510,アシックス,6508
n,6516,プリンス,6210
n,6521,トップス・シャツ,4961
n,6522,ボトムス,4961
n,6525,バボラ,6209
n,6529,バボラ,6210
n,6532,アームカバー,4960
n,6533,バボラ,6531
n,6536,アディダス,5998
n,6537,アディダス,6001
n,6538,アディダス,5999
n,6539,アディダス,6003
n,6542,アディダス,6084
n,6543,アディダス,6085
n,6544,アディダス,6086
n,6545,アディダス,6087
n,6546,アディダス,6088
n,6549,アディダス,6097
n,6550,アディダス,6099
n,6551,アディダス,6100
n,6552,アディダス,6101
n,6562,ウェア（ジュニア用）,4933
n,6563,ネックウォーマー・ネックガード,4933
n,6564,キャップ・帽子,4933
n,6565,バイザー,4933
n,6573,ディアドラ,6566
n,6574,ニューバランス,6566
n,6582,ディアドラ,6567
n,6583,ディアドラ,6568
n,6584,ディアドラ,6569
n,6585,ディアドラ,6570
n,6588,ディアドラ,6575
n,6589,ディアドラ,6576
n,6590,ディアドラ,6577
n,6591,ディアドラ,6578
n,6592,ディアドラ,6579
n,6595,ニューバランス,6567
n,6596,ニューバランス,6568
n,6598,ニューバランス,6570
n,6599,ニューバランス,6571
n,6601,ニューバランス,6575
n,6602,ニューバランス,6576
n,6603,ニューバランス,6577
n,6604,ニューバランス,6578
n,6606,ニューバランス,6580
n,6607,ニューバランス,6581
n,6623,ダンスキン,6616
n,6624,ダンスキン,6617
n,6625,ダンスキン,6618
n,6626,ダンスキン,6619
n,6627,ダンスキン,6620
n,6629,ダンスキン,6622
n,6640,ジェーンスタイル,6616
n,6641,ジェーンスタイル,6617
n,6642,ジェーンスタイル,6618
n,6643,ジェーンスタイル,6619
n,6645,ジェーンスタイル,6622
n,6648,ヘアバンド・リストバンド,4933
n,6649,グローブ,4933
n,6650,ディアドラ,4936
n,6655,プーマ,6568
n,6658,プーマ,6575
n,6660,プーマ,6577
n,6672,ダンスキン,6575
n,6673,ダンスキン,6576
n,6679,ニューバランス,6678
n,6681,ヨネックス,6680
n,6683,ニューバランス,6682
n,6685,スリクソン,4975
n,6686,スリクソン,5147
n,6688,ダンロップ,4975
n,6693,ダンロップ,5147
n,6695,ミズノ,6209
n,6696,ミズノ,6210
n,6697,ミズノ,6211
n,6699,バウアーファインド,11620
n,6703,ニューバランス,6702
n,6707,ブリヂストン,4972
n,6708,ゴーセン,6209
n,6710,ソックス,4961
n,6750,ロット,4972
n,6751,ロット,4973
n,6753,ロット,11623
n,6754,ロット,6097
n,6755,ロット,6099
n,6758,ロット,6101
n,6760,ロット,6084
n,6763,ディアドラ,5998
n,6764,ディアドラ,5997
n,6773,アリーナ,5998
n,6774,アリーナ,5999
n,6775,アリーナ,6003
n,6776,アリーナ,5997
n,6777,アリーナ,6000
n,6797,バッグ,6796
n,6801,ジェーンスタイル,5998
n,6802,アウター,5234
n,6803,ウィルソン,4651
n,6808,ジェーンスタイル,6807
n,6810,ネックウォーマー・ネックガード,6610
n,6811,ジェーンスタイル,6810
n,6816,すね用,5179
n,6818,エレッセ,5147
n,6819,アディダス,4648
n,6821,バドミントン用品,5463
n,6822,ラケット,6821
n,6827,アディダス,4651
n,6828,ジェーンスタイル,6621
n,6829,アシックス,5902
n,6830,アディダス,5902
n,6831,アディダス,4649
n,6834,アディダス,5917
n,6836,アディダス,6036
n,6837,アディダス,4936
n,6846,アシックス,5917
n,6847,アシックス,6036
n,6849,シューズ,6848
n,6850,アシックス,5938
n,6852,シューズ,6851
n,6853,アシックス,6035
n,6854,アシックス,5937
n,6855,シューズ,6373
n,6856,シューズ中敷,6374
n,6866,ラコステ,5141
n,6868,アディダス,5938
n,6874,ボール,5897
n,6877,アームカバー,5993
n,6878,タオル,6113
n,6879,その他,6113
n,6882,ボール,6881
n,6887,モルテン,6886
n,6888,モルテン,6885
n,6892,モルテン,6889
n,6893,モルテン,6890
n,6894,モルテン,6891
n,6896,ボール,6895
n,6901,アディダス,6900
n,6903,アディダス,6902
n,6905,ボール,6904
n,6908,Timbuk2（ティンバック2）,11618
n,6910,メッセンジャーバッグ,6909
n,6911,バックパック,6909
n,6914,野球用品,5462
n,6915,シューズ,6914
n,6918,アディダス,6006
n,6926,スパッツィオ,6925
n,6940,アディダス,6886
n,6941,アディダス,6885
n,6943,ボール,6942
n,6947,モルテン,6944
n,6948,モルテン,6945
n,6949,モルテン,6946
n,6950,革底スパイク,6927
n,6955,アシックス,6951
n,6956,アシックス,6952
n,6957,アシックス,6953
n,6958,アディダス,6944
n,6962,シューズ,6942
n,6963,ランニング用品,5463
n,6964,バスケットボール用品,5463
n,6965,野球用品,5463
n,6966,フットサル用品,5463
n,6972,アシックス,6968
n,6973,ミズノ,6968
n,6974,ゼット,6968
n,6975,デサント,6968
n,6976,ミズノ,6969
n,6977,アシックス,6969
n,6978,ゼット,6969
n,6980,デサント,6969
n,6981,ミズノ,6970
n,6982,アシックス,6970
n,6983,ゼット,6970
n,6984,デサント,6970
n,6985,ミズノ,6971
n,6986,アシックス,6971
n,6987,ゼット,6971
n,6988,デサント,6971
n,6992,ウェア,6914
n,6995,ミズノ,6951
n,6996,ミズノ,6952
n,6997,ミズノ,6953
n,7006,ミズノ,6998
n,7007,アシックス,6998
n,7008,アクセサリー,6904
n,7010,アディダス,6570
n,7012,アディダス,4982
n,7013,アディダス,6477
n,7021,中学硬式用バット,7019
n,7032,ミズノ,7030
n,7033,アシックス,7030
n,7035,金属製バット,7034
n,7037,ミズノ,7035
n,7038,アシックス,7035
n,7039,ミズノ,7036
n,7040,アシックス,7036
n,7041,ミズノ,7026
n,7042,アシックス,7026
n,7044,グラブ,6914
n,7054,バット,6914
n,7057,少年硬式用バット,7019
n,7060,FRP製バット,7034
n,7061,ミズノ,7060
n,7062,アシックス,7060
n,7064,バット,7063
n,7066,少年軟式用バット,7019
n,7068,木製バット,7066
n,7070,ミズノ,7067
n,7071,アシックス,7067
n,7074,ミズノ,7069
n,7075,アシックス,7069
n,7077,ミズノ,7076
n,7078,アシックス,7076
n,7090,ミズノ,7085
n,7091,アシックス,7085
n,7092,ミズノ,7086
n,7093,アシックス,7086
n,7094,ミズノ,7087
n,7095,アシックス,7087
n,7096,ミズノ,7088
n,7097,アシックス,7088
n,7100,オールラウンド用,7081
n,7106,ミズノ,7100
n,7107,アシックス,7100
n,7108,ミズノ,7102
n,7109,アシックス,7102
n,7110,ミズノ,7103
n,7111,アシックス,7103
n,7112,ミズノ,7104
n,7113,アシックス,7104
n,7114,ミズノ,7105
n,7115,アシックス,7105
n,7116,その他,5997
n,7117,ザナックス,7026
n,7121,バット,7120
n,7123,シューズ,7122
n,7128,アシックス,7127
n,7130,アシックス,7129
n,7132,アシックス,7131
n,7136,ディアドラ,6678
n,7138,グリップテープ,7137
n,7139,すべり止め,7137
n,7140,ロジンバッグ,7137
n,7141,その他バット備品,7137
n,7143,シューレース（靴ひも）,7142
n,7144,インソール,7142
n,7145,その他スパイク・シューズ備品,7142
n,7146,バット備品,6914
n,7149,アディダス,7148
n,7150,ゴールキーパー,6904
n,7152,その他,7147
n,7153,ボストンバッグ,6247
n,7155,シューズ備品,6914
n,7158,サンダル,6927
n,7159,ミズノ,7158
n,7161,シューズ備品,7122
n,7163,シューズ,6965
n,7164,シューズ備品,6965
n,7167,アディダス,6953
n,7168,アディダス,6951
n,7169,アディダス,7035
n,7170,アディダス,7067
n,7171,バット,6965
n,7172,手袋,6965
n,7173,バッグ,6965
n,7174,アディダス,6952
n,7175,プーマ,4936
n,7188,ランニングシューズ,5291
n,7190,バット,7122
n,7193,ヨガ・ピラティスマット,7192
n,7197,トレーニンググラブ,7079
n,7199,オールラウンド用,7198
n,7200,内野手用,7198
n,7201,捕手・一塁手用,7198
n,7212,オールラウンド用,7211
n,7213,投手用,7211
n,7214,内野手用,7211
n,7215,外野手用,7211
n,7220,ミズノ,7212
n,7221,アシックス,7212
n,7235,捕手・一塁手用,7230
n,7236,ミズノ,7231
n,7237,アシックス,7231
n,7238,ミズノ,7232
n,7239,アシックス,7232
n,7240,ミズノ,7233
n,7241,アシックス,7233
n,7242,ミズノ,7234
n,7243,アシックス,7234
n,7244,ミズノ,7235
n,7245,アシックス,7235
n,7247,グラブオイル・グラブローション,7246
n,7248,グラブ保型用品,7246
n,7249,グラブレース,7246
n,7250,その他グラブ備品,7246
n,7257,バット,7256
n,7260,ミズノ,7259
n,7261,軟式球,7258
n,7262,ケンコー,7261
n,7264,ケンコー,7263
n,7266,ボール,7265
n,7268,ボール,7267
n,7269,ミズノ,7129
n,7270,ミズノ,7127
n,7273,グラブ,7063
n,7274,グラブ備品,6914
n,7275,マルエス,7261
n,7278,ボール,7277
n,7279,マルエス,7263
n,7281,ボール,7280
n,7285,金属製バット,7284
n,7288,モルテン,7287
n,7289,アディダス,6891
n,7290,FRP製バット,7284
n,7291,アディダス,6890
n,7293,アディダス,6889
n,7294,木製バット,7284
n,7297,ボール,7296
n,7298,モルテン,6900
n,7299,モルテン,6902
n,7300,バット備品,7122
n,7302,モルテン,7301
n,7303,その他,6869
n,7304,アディダス,7301
n,7306,アディダス,7305
n,7307,モルテン,7305
n,7309,ボール,7308
n,7311,ボール,7310
n,7313,モルテン,7312
n,7315,モルテン,7314
n,7317,モルテン,7316
n,7319,モルテン,7318
n,7320,設備・備品,5897
n,7321,設備・備品,6881
n,7324,ノック・トレーニング用,7322
n,7326,アディダス,7323
n,7327,アディダス,7325
n,7329,バットケース,7328
n,7331,ショルダーバッグ,7328
n,7332,アディダス,7329
n,7334,アディダス,7331
n,7335,スパイク・シューズケース,7328
n,7337,アシックス,7323
n,7338,アシックス,7325
n,7339,手袋,6914
n,7341,モルテン,7340
n,7342,ボール備品,6874
n,7343,バッグ,6881
n,7344,設備・備品,6895
n,7345,設備・備品,5918
n,7346,バックパック,7328
n,7347,アディダス,7346
n,7348,バッグ・ケースその他,7328
n,7349,ヘルメット・プロテクター,5894
n,7350,硬式用ヘルメット,7349
n,7351,軟式用ヘルメット,7349
n,7352,硬式少年用ヘルメット,7349
n,7353,軟式少年用ヘルメット,7349
n,7354,ヘルメット・プロテクター,6914
n,7355,ヘルメット・プロテクター,7063
n,7357,アシックス,7329
n,7359,アシックス,7331
n,7361,アシックス,7346
n,7362,バッグ・ケース,6914
n,7363,アシックス,7259
n,7364,ボール,6914
n,7367,グラウンド用品,5894
n,7368,ベース・プレート,7367
n,7369,得点板・スコアボード,7367
n,7370,サインボール・ケース・記念品,7258
n,7371,グラウンド用品,7265
n,7373,ヘルメット・プロテクター,7125
n,7375,バドミントンシューズ,5940
n,7378,ミズノ,5223
n,7384,少年硬式用,7381
n,7386,マスク,7382
n,7387,プロテクター,7382
n,7388,レガース,7382
n,7389,マスク,7383
n,7390,プロテクター,7383
n,7391,レガース,7383
n,7392,キャッチャー用品,6914
n,7393,キャッチャー用品,7063
n,7394,スロートガード,7381
n,7395,遠征バッグ・ボストンバッグ,7328
n,7396,アシックス,7395
n,7398,デサント,6618
n,7399,デサント,6619
n,7401,マスク,7384
n,7402,プロテクター,7384
n,7403,レガース,7384
n,7404,マスク,7385
n,7405,プロテクター,7385
n,7406,レガース,7385
n,7413,アンブロ,6001
n,7414,アンブロ,6003
n,7416,バドミントンシューズ,5969
n,7419,フォーザ,5141
n,7420,アディダス,6004
n,7424,アディダス,6002
n,7425,アディダス,6007
n,7426,グラブ,7122
n,7427,グラブ備品,7122
n,7433,アリーナ,6001
n,7441,アンブロ,7440
n,7443,アンブロ,7442
n,7445,グローブ,6078
n,7453,オピタノ,5141
n,7454,オピタノ,11615
n,7455,オピタノ,4972
n,7456,アーウィン,4648
n,7457,カーソン,4648
n,7458,ボニー,4648
n,7460,ナイガイ,7261
n,7461,ナイガイ,7263
n,7483,野球用品,7482
n,7485,ボール,7483
n,7486,ボール,7484
n,7498,野球用品,7497
n,7499,バッグ・ケース,7498
n,7501,ニューバランス,4982
n,7502,ニューバランス,5615
n,7503,ハンナフラ,11620
n,7507,Timbuk2（ティンバック2）,7505
n,7508,ハンナフラ(Hanna Hula),7505
n,7509,Timbuk2（ティンバック2）,7506
n,7512,Timbuk2（ティンバック2）,7511
n,7518,ゼット,7329
n,7519,ゼット,7395
n,7520,ゼット,7331
n,7522,ゼット,7346
n,7523,キーホルダー,5954
n,7525,バボラ,5217
n,7526,ヨネックス,5217
n,7531,デサント,6616
n,7537,ウェア,7498
n,7538,ゼット,7536
n,7546,グラブ,7120
n,7547,ミズノ,7323
n,7549,ミズノ,7325
n,7550,ジュニア用,7322
n,7551,手袋,7122
n,7553,プロテクター・グローブ備品,7122
n,7555,水泳用品,6178
n,7560,コートベンチ・スポーツベンチ,7557
n,7561,綱引き,7559
n,7562,玉入れ,7559
n,7563,大玉,7559
n,7564,リレー・競争用品,7559
n,7565,運動会用品,6178
n,7566,綱引き,7565
n,7567,玉入れ,7565
n,7568,大玉,7565
n,7569,リレー・競争用品,7565
n,7570,跳び箱,7558
n,7571,踏切板 (ロイター板),7558
n,7572,平均台,7558
n,7573,器具運搬車・マットトラック,7558
n,7575,体操マット,7574
n,7576,カラー体操マット,7574
n,7577,スポーツ軽量マット,7574
n,7578,スロープマット・ハーフマット,7574
n,7579,ジョイントマット,7574
n,7580,エバーマット,7574
n,7582,跳び箱,7581
n,7583,踏切板 (ロイター板),7581
n,7584,平均台,7581
n,7585,器具運搬車・マットトラック,7581
n,7586,マット,7581
n,7599,ラコステ,7598
n,7601,マスク,7600
n,7602,プロテクター,7600
n,7603,レガース,7600
n,7604,ヘルメット,7600
n,7605,ヘルメット,7383
n,7607,ヘルメット,7382
n,7608,バック・ケース,7122
n,7609,ミズノ,7329
n,7610,ミズノ,7395
n,7611,ミズノ,7331
n,7613,ミズノ,7346
n,7615,アディダス,6566
n,7619,アシックス,7617
n,7620,ミズノ,7617
n,7621,アシックス,7618
n,7622,ミズノ,7618
n,7624,グラブ,7623
n,7625,ザナックス,7085
n,7626,ザナックス,7086
n,7627,ザナックス,7087
n,7628,ザナックス,7088
n,7630,ザナックス,7100
n,7631,ザナックス,7102
n,7632,ザナックス,7103
n,7633,ザナックス,7104
n,7634,ザナックス,7105
n,7635,ザナックス,7212
n,7640,ザナックス,7231
n,7644,ザナックス,7235
n,7647,外野手用,7198
n,7651,アシックス,7650
n,7652,ミズノ,7650
n,7654,アシックス,7653
n,7655,ミズノ,7653
n,7657,シャツ,7656
n,7659,アシックス,7657
n,7660,ミズノ,7657
n,7661,アシックス,7658
n,7662,ミズノ,7658
n,7682,アディダス,5982
n,7683,アンブロ,5982
n,7686,アンブロ,5983
n,7688,エクササイズ・フィットネスマット,7192
n,7690,マット,7689
n,7691,ロット,6085
n,7692,ロット,6087
n,7696,ロット,6508
n,7704,ロット,4975
n,7705,ロット,5142
n,7706,ロット,5146
n,7709,ウェア,7122
n,7712,ウエア,7120
n,7713,ザナックス,6968
n,7714,ザナックス,6969
n,7715,ザナックス,6970
n,7716,ザナックス,6971
n,7717,ザナックス,6998
n,7718,ザナックス,7536
n,7721,ゼット,6998
n,7722,SSK,6998
n,7723,SSK,7536
n,7724,ゼット,7617
n,7725,SSK,7617
n,7726,ゼット,7618
n,7727,SSK,7618
n,7728,ゼット,7650
n,7729,SSK,7650
n,7730,ゼット,7653
n,7731,SSK,7653
n,7732,ゼット,7657
n,7733,SSK,7657
n,7734,ゼット,7658
n,7735,SSK,7658
n,7737,SSK,6968
n,7739,SSK,6969
n,7741,SSK,6970
n,7742,SSK,6971
n,7743,ゼット,7026
n,7744,SSK,7026
n,7745,ゼット,7030
n,7746,SSK,7030
n,7747,ゼット,7035
n,7748,SSK,7035
n,7749,ゼット,7036
n,7750,SSK,7036
n,7751,ゼット,7060
n,7752,SSK,7060
n,7755,ゼット,7067
n,7756,SSK,7067
n,7759,ゼット,7069
n,7760,SSK,7069
n,7761,ゼット,7076
n,7762,SSK,7076
n,7765,ゼット,7085
n,7767,ゼット,7086
n,7768,SSK,7086
n,7769,ゼット,7087
n,7770,SSK,7087
n,7771,ゼット,7088
n,7772,SSK,7088
n,7775,ゼット,7100
n,7776,SSK,7100
n,7777,ゼット,7102
n,7778,SSK,7102
n,7779,ゼット,7103
n,7780,SSK,7103
n,7781,ゼット,7104
n,7782,SSK,7104
n,7783,ゼット,7105
n,7784,SSK,7105
n,7793,ゼット,7212
n,7794,SSK,7212
n,7804,ゼット,7259
n,7805,SSK,7259
n,7808,ゼット,7323
n,7809,SSK,7323
n,7810,ゼット,7325
n,7811,SSK,7325
n,7812,SSK,7329
n,7813,SSK,7395
n,7814,SSK,7331
n,7816,SSK,7346
n,7819,ゼット,6951
n,7820,SSK,6951
n,7821,ゼット,6952
n,7822,SSK,6952
n,7823,ゼット,6953
n,7824,SSK,6953
n,7826,ウェア,7825
n,7827,バット,7825
n,7828,グラブ,7825
n,7829,スパイク・シューズ,7825
n,7830,バッグ・ケース,7825
n,7831,スパイク・シューズ,7498
n,7832,バット,7498
n,7833,グラブ,7498
n,7834,手袋,7498
n,7835,ボール,7498
n,7836,グラブ備品,7120
n,7837,バット備品,7120
n,7839,ゼット,7127
n,7840,SSK,7127
n,7841,ゼット,7129
n,7842,SSK,7129
n,7845,ゼット,7231
n,7846,SSK,7231
n,7853,ゼット,7235
n,7854,SSK,7235
n,7857,シューズ,7120
n,7858,シューズ備品,7120
n,7859,ザナックス,6953
n,7860,ザナックス,6951
n,7862,ザナックス,7030
n,7863,ザナックス,7076
n,7865,ザナックス,7036
n,7867,ザナックス,7060
n,7868,ザナックス,7069
n,7869,ザナックス,7127
n,7871,アディダス,5230
n,7873,バット,7623
n,7874,手袋,7825
n,7875,上下セット,7616
n,7876,ミズノ,7875
n,7877,アシックス,5229
n,7878,アシックス,5230
n,7879,手袋,7120
n,7880,ザナックス,7323
n,7881,ザナックス,7325
n,7882,ザナックス,7346
n,7883,ザナックス,7395
n,7884,ザナックス,7331
n,7887,バッグ・ケース,7120
n,7888,ウエア,7256
n,7891,ルイスビルスラッガー,6968
n,7892,ルイスビルスラッガー,7026
n,7894,ルイスビルスラッガー,7060
n,7895,ルイスビルスラッガー,7129
n,7899,ウェア,7897
n,7900,バット,7897
n,7901,バット,7898
n,7904,キャッチャー用品,7120
n,7905,ヘルメット・プロテクター,7120
n,7906,ウエア,7623
n,7907,エルボーガード,7349
n,7909,バット,7908
n,7910,グラブ,7908
n,7911,キャッチャー用品,7623
n,7916,スロートガード,7600
n,7919,ミズノ,7918
n,7922,ミズノ,7920
n,7925,ザナックス,7924
n,7927,体力測定用品,5896
n,7928,体力測定用品,6178
n,7930,体育館備品,7581
n,7931,体育館備品,7558
n,7932,竹馬・パカポコ,7556
n,7933,一輪車,7556
n,7934,鉄棒,7556
n,7935,逆上がり補助板,7556
n,7936,体操リング・チアバトン,7556
n,7937,フィルムミラー・ガラスミラー,7556
n,7940,竹馬・パカポコ,7939
n,7941,一輪車,7939
n,7942,鉄棒,7939
n,7943,逆上がり補助板,7939
n,7944,体操リング・チアバトン,7939
n,7945,フィルムミラー・ガラスミラー,7939
n,7946,ナワトビ・とび縄,7939
n,7947,リズム太鼓・倒立バー,6037
n,7948,トワリングバトン,6037
n,7949,等旗・旗立台・手旗,7559
n,7950,運動会備品,7565
n,7951,ナワトビ・とび縄,5181
n,7952,コーン・コーナーポイント・ポイントマーク,7557
n,7953,グラウンドロープ・グラウンドマーク,7557
n,7954,ラインテープ・釘,7557
n,7955,おもり・ウエイト,7557
n,7956,運搬車・リヤカー,5896
n,7957,ホイッスル・笛,5896
n,7958,ストップウォッチ・スポーツ用表示機,5896
n,7959,拡声器・メガホン,5896
n,7960,ウォーキングメジャー,7557
n,7961,巻尺,7557
n,7962,ライン引き・石灰,7557
n,7963,レーキ・トンボ・コートブラシ他整備用品,7557
n,7965,指揮台（号令台）,7557
n,7966,その他グラウンド用品,7557
n,7967,運動会備品,7559
n,7969,設備・備品,5893
n,7971,コートベンチ・スポーツベンチ,7970
n,7972,コーン・ポイントマーカー,7970
n,7973,グラウンドロープ・グラウンドマーク,7970
n,7974,ラインテープ・釘,7970
n,7975,おもり・ウエイト,7970
n,7977,巻尺・ウォーキングメジャー,7970
n,7978,レーキ・トンボ・コートブラシ他整備用品,7970
n,7979,指揮台（号令台）,7970
n,7980,その他グラウンド用品,7970
n,7981,運搬車・リヤカー,6178
n,7982,ホイッスル・笛,6178
n,7983,ストップウォッチ・スポーツ用表示機,6178
n,7984,拡声器・メガホン,6178
n,7986,アクセサリ・小物,7125
n,7987,アクセサリ・小物,7256
n,7989,コート用品,5919
n,7991,グラブ,7256
n,7992,武道・格闘技,Root
n,8004,ミズノ,6002
n,8007,空手衣,8006
n,8011,ウエア,6904
n,8012,バッグ・ケース,6331
n,8013,ボール,6331
n,8014,クラブ,6331
n,8015,アクセサリー・小物,6331
n,8018,クラブ,6332
n,8019,アクセサリー・小物,6332
n,8023,アンダーウェア,7889
n,8024,ミズノ,7924
n,8025,ミズノ,8022
n,8037,ゼット,7875
n,8039,SSK,7875
n,8040,ボール,7120
n,8041,ザナックス,7259
n,8062,アディダス,6575
n,8063,アディダス,6576
n,8064,アディダス,6577
n,8065,アディダス,6578
n,8066,アディダス,6579
n,8067,アディダス,6580
n,8068,アディダス,6581
n,8071,アディダス,6567
n,8072,アディダス,6568
n,8073,アディダス,6569
n,8074,アディダス,6571
n,8075,アディダス,6572
n,8078,アディダス,6471
n,8079,アディダス,6472
n,8080,アディダス,6473
n,8081,アディダス,6475
n,8084,グラウンド用品,7120
n,8086,ライン引き・石灰,7970
n,8087,ライン引き・石灰・巻尺,7367
n,8088,トラック・フィールド・競技場備品,7990
n,8089,グラウンド用品,7125
n,8090,グラウンド用品,7623
n,8092,サイン用バット・記念品,7019
n,8093,プロテクター,6013
n,8095,打撃練習用品,8094
n,8096,投球練習用品,8094
n,8097,守備練習用品,8094
n,8098,スタンド・キャリー,7367
n,8099,フェンス・防球ネット,7367
n,8100,トレーニング用品,7120
n,8103,アクセサリ・小物,7122
n,8104,ミズノ,7536
n,8112,ウィルソン,7653
n,8113,ウィルソン,7657
n,8114,ウィルソン,7658
n,8119,ウィルソン,7085
n,8120,ウィルソン,7086
n,8121,ウィルソン,7087
n,8122,ウィルソン,7088
n,8124,ウィルソン,7100
n,8125,ウィルソン,7102
n,8126,ウィルソン,7103
n,8127,ウィルソン,7104
n,8128,ウィルソン,7105
n,8132,ウィルソン,7212
n,8134,ディマリニ,7026
n,8135,ディマリニ,7030
n,8137,アシックス,7536
n,8140,ディマリニ,7035
n,8141,ディマリニ,7036
n,8142,ディマリニ,7060
n,8143,ディマリニ,7076
n,8145,ディマリニ,7067
n,8147,ディマリニ,7069
n,8148,ディマリニ,7127
n,8149,ディマリニ,7129
n,8151,ウィルソン,7231
n,8152,ウィルソン,7232
n,8154,ウィルソン,7234
n,8155,ウィルソン,7235
n,8157,ウィルソン,7259
n,8159,ディマリニ,7323
n,8160,ディマリニ,7329
n,8161,ディマリニ,7346
n,8162,ディマリニ,7395
n,8163,ウィルソン,7325
n,8164,ウィルソン,7395
n,8167,ウエア,7063
n,8171,アシックス,8170
n,8174,ザナックス,8170
n,8177,アシックス,8176
n,8178,ミズノ,8176
n,8179,ゼット,8176
n,8180,SSK,8176
n,8181,ザナックス,8176
n,8182,ソックス,6013
n,8183,アシックス,8182
n,8184,ミズノ,8182
n,8185,ゼット,8182
n,8186,SSK,8182
n,8187,ザナックス,8182
n,8197,アクセサリー,6013
n,8198,ベルト,8197
n,8199,リストバンド,8197
n,8200,キルトパッド,8197
n,8202,ルイスビルスラッガー,7035
n,8203,ルイスビルスラッガー,7067
n,8204,ルイスビルスラッガー,7069
n,8205,ルイスビルスラッガー,7127
n,8206,ミズノ,8170
n,8207,プーマ,6409
n,8209,走高用品・棒高跳用品,7990
n,8210,陸上・トラック用品,6178
n,8211,足止器・陸上踏切板,7990
n,8212,スターティングブロック,7990
n,8214,ソフトボール SALE商品,4592
n,8215,サッカー SALE商品,4592
n,8216,フットサル SALE商品,4592
n,8218,ランニング用品,5317
n,8219,ウェア,8218
n,8220,シューズ,8218
n,8221,ウェア,8217
n,8223,バッグ,8217
n,8224,バッグ,8218
n,8227,SALE シューズ,8226
n,8228,ディアドラ,8227
n,8230,サポーター,8229
n,8231,アイシング用品,8229
n,8234,その他プロテクター,7349
n,8235,サポーター,6914
n,8239,ザナックス,7650
n,8240,ザナックス,7653
n,8241,ザナックス,7657
n,8242,ザナックス,7658
n,8246,ザナックス,7035
n,8248,ザナックス,7329
n,8255,アクセサリ・小物,8217
n,8256,アクセサリ・小物,8218
n,8258,ダンロップ,5223
n,8259,ゴーセン,5223
n,8262,水泳用品,8261
n,8264,ホイッスル・笛,8261
n,8266,拡声器・メガホン,8261
n,8268,陸上トラック・フィールド用品,8261
n,8270,綱引き,8269
n,8271,玉入れ,8269
n,8272,大玉,8269
n,8273,リレー・競争用品,8269
n,8274,運動会備品,8269
n,8276,跳び箱,8275
n,8279,器具運搬車・マットトラック,8275
n,8280,マット,8275
n,8281,体育館備品,8275
n,8283,マット,8282
n,8284,体力測定用品,8261
n,8286,竹馬・パカポコ,8285
n,8287,一輪車,8285
n,8288,鉄棒,8285
n,8289,逆上がり補助板,8285
n,8290,体操リング・チアバトン,8285
n,8292,ナワトビ・とび縄,8285
n,8294,コートベンチ・スポーツベンチ,8293
n,8295,コーン・コーナーポイント・ポイントマーカー,8293
n,8296,グラウンドロープ・グラウンドマーク,8293
n,8297,ラインテープ・釘,8293
n,8299,巻尺・ウォーキングメジャー,8293
n,8300,レーキ・トンボ・コートブラシ他整備用品,8293
n,8301,指揮台（号令台）,8293
n,8302,その他グラウンド用品,8293
n,8303,ライン引き・石灰,8293
n,8307,アディダス,6409
n,8308,ブラシ・トンボ,7367
n,8311,シューズ,8309
n,8312,キャップ・帽子,8310
n,8313,長袖シャツ,8310
n,8314,半袖シャツ,8310
n,8315,スラックス,8310
n,8317,マスク,8316
n,8318,プロテクター,8316
n,8319,レガース,8316
n,8322,審判用品,7825
n,8324,アクセサリー,8309
n,8325,ハケ,8324
n,8327,インジケーター,8324
n,8328,ボール入れ,8324
n,8331,キャップ・帽子,8330
n,8332,長袖シャツ,8330
n,8333,半袖シャツ,8330
n,8334,スラックス,8330
n,8336,防具,8329
n,8339,レガース,8336
n,8348,ソフトボール用品,5483
n,8349,ウェア,8348
n,8350,バット,8348
n,8351,グラブ,8348
n,8355,審判用品,8348
n,8357,キャッチャー用品,7122
n,8358,キャッチャー用品,7256
n,8359,ブリヂストン,5221
n,8361,シューズ,8360
n,8362,書籍・DVD・トレーニング練習グッズ,5892
n,8364,書籍・DVD・トレーニング練習グッズ,5894
n,8366,月刊誌,8362
n,8367,月刊誌,8363
n,8369,月刊誌,8368
n,8374,野球用品,5482
n,8375,ボール,8374
n,8376,バッグ・ケース,8372
n,8377,SALE バット,8213
n,8378,SALE グラブ,8213
n,8379,SALE スパイク・シューズ,8213
n,8380,SALE ウェア,8213
n,8381,SALE アンダーウェア,8380
n,8382,ゴーセン,4651
n,8383,バボラ,4651
n,8384,トアルソン,4651
n,8385,ミズノ,4651
n,8389,交換用パーツ,7600
n,8391,ウェア,8390
n,8393,アクセサリ・小物,8390
n,8412,デサント,8411
n,8417,デサント,5999
n,8428,ランニング用品,5610
n,8429,ウェア,8427
n,8430,ウェア,8428
n,8431,シューズ,8428
n,8434,アクセサリ・小物,8427
n,8435,バッグ,8428
n,8436,アクセサリ・小物,8428
n,8446,審判用品,7122
n,8447,審判用品,7498
n,8449,アンブロ,5997
n,8450,アンブロ,6000
n,8451,アンブロ,6002
n,8452,アンブロ,6004
n,8453,アンブロ,6006
n,8454,アンブロ,5998
n,8455,アンブロ,5999
n,8458,アンブロ,8457
n,8463,ラコステ,6000
n,8471,グラブ,8374
n,8472,バット,8374
n,8475,ボール,8474
n,8476,グラブ,8474
n,8478,ダンスキン,6621
n,8480,パラディーゾ,4975
n,8486,手袋,8374
n,8487,手袋,8372
n,8488,バット,8372
n,8489,バット,8373
n,8490,審判用品,8374
n,8493,ウィルソン,8182
n,8496,SALE バット,8214
n,8497,アシックス,8496
n,8499,ミズノ,5217
n,8500,ミズノ,5229
n,8502,ミズノ,5221
n,8503,ミズノ,5226
n,8504,ミズノ,5227
n,8507,ゼット,8494
n,8510,アシックス,7918
n,8511,ゼット,7918
n,8515,ゼット,7920
n,8522,ゼット,7924
n,8524,ゼット,8022
n,8526,ウェア,7908
n,8530,ウェア,8374
n,8534,SALE ユニフォーム・練習着,8380
n,8535,SALE キャップ・帽子,8380
n,8536,SALE Vジャン・ジャケット,8380
n,8537,SALE 樹脂底スパイク,8379
n,8540,SALE バッグ・ケース,8213
n,8541,SALE バットケース,8540
n,8542,SALE 硬式用グラブ,8378
n,8543,ミズノ,8381
n,8544,ミズノ,8534
n,8545,ミズノ,8535
n,8546,ミズノ,8536
n,8547,ミズノ,8537
n,8548,ミズノ,8538
n,8549,ミズノ,8539
n,8552,アンブロ,5902
n,8553,アンブロ,6900
n,8554,アンブロ,6902
n,8555,アンブロ,7148
n,8556,アンブロ,5917
n,8557,アンブロ,7305
n,8559,ヨネックス,5226
n,8560,ヨネックス,5227
n,8561,SALE トレーニングシューズ,8379
n,8562,ミズノ,8561
n,8563,ヨネックス,5223
n,8565,ラケット,8564
n,8567,ラケット,8566
n,8568,シューズ,8564
n,8570,ラケット,8569
n,8571,シューズ,8569
n,8573,ラケット,8572
n,8574,ラバー,8572
n,8575,ウェア,8572
n,8576,シャトル,8569
n,8577,ウェア,8564
n,8578,ウェア,8569
n,8579,ストリング,8564
n,8580,ストリング,8566
n,8581,ストリング,8569
n,8583,バッグ・ケース,8572
n,8584,シューズ,8572
n,8585,SALE ソックス・ストッキング,8380
n,8586,ミズノ,8585
n,8587,ザナックス,8585
n,8589,ラケット,8588
n,8591,ストリング,8588
n,8593,バッグ,8588
n,8594,ウェア,8588
n,8595,ラケット,5500
n,8596,シャトル,5500
n,8597,バッグ,5500
n,8598,ストリング,5500
n,8599,アクセサリ・小物,8588
n,8601,バッグ・ケース,8374
n,8604,キャッチャー用品,7498
n,8605,キャッチャー用品,7908
n,8606,キャッチャー用品,7825
n,8607,キャッチャー用品,8348
n,8611,シューズ,8610
n,8614,アリーナ,6616
n,8615,ゼット,8170
n,8616,SSK,8170
n,8617,プリンス,4651
n,8643,ウェア,8640
n,8644,ウェア,8641
n,8645,ウェア,8642
n,8646,ゴールキーパー,8640
n,8647,ボール,8640
n,8648,バッグ,8640
n,8649,スパイク・シューズ,8640
n,8650,アクセサリー,8640
n,8651,ボール,8641
n,8652,スパイク・シューズ,8641
n,8653,アクセサリー,8641
n,8654,バッグ,8642
n,8656,シューズ,8655
n,8658,シューズ,6963
n,8659,シューズ,6964
n,8660,シューズ,6966
n,8662,シューズ,8661
n,8663,シューズ,8657
n,8664,ウェア,8655
n,8667,アンブロ,6007
n,8668,ヘルメット・プロテクター,7122
n,8669,ヘルメット・プロテクター,7256
n,8670,フットガード,7349
n,8671,ヘルメット・プロテクター,7498
n,8672,ヘルメット・プロテクター,7908
n,8673,トレーニング用品,7122
n,8674,トレーニング用品,7825
n,8675,トレーニング用品,7498
n,8676,ウエイトトレーニング,8094
n,8679,シューズ,8677
n,8681,ミズノ,5997
n,8682,ミズノ,6000
n,8683,ミズノ,6004
n,8684,ミズノ,6006
n,8689,アカエム,11615
n,8690,ミズノ,6005
n,8691,ミズノ,6003
n,8692,ミズノ,6001
n,8693,ミズノ,5999
n,8694,ミズノ,5998
n,8696,ウェア,8695
n,8697,ウェア,6963
n,8699,バッグ,6963
n,8702,バッグ,6904
n,8704,アディダス,6998
n,8705,アディダス,7536
n,8707,アディダス,7657
n,8708,アディダス,7658
n,8709,アディダス,8176
n,8710,アディダス,6968
n,8712,アディダス,6970
n,8715,アディダス,7030
n,8719,アディダス,7036
n,8720,アディダス,7060
n,8723,アディダス,7069
n,8724,アディダス,7085
n,8725,アディダス,7086
n,8726,アディダス,7087
n,8727,アディダス,7088
n,8733,プーマ,5902
n,8735,ウェア,8734
n,8736,シューズ,8734
n,8738,スパイク・シューズ,8737
n,8740,シューズ,8739
n,8741,プーマ,6219
n,8742,バッグ,6218
n,8743,プーマ,7506
n,8744,バッグ,8734
n,8746,シューズ,8745
n,8747,ウェア,8745
n,8748,アクセサリー,8745
n,8753,ウェア,8752
n,8754,ウェア,6965
n,8755,アディダス,7653
n,8756,アディダス,7617
n,8757,アディダス,7618
n,8758,アディダス,7076
n,8761,シューズ,8760
n,8763,シューズ,8762
n,8765,ラケット,8764
n,8766,シューズ,8764
n,8767,バッグ,8764
n,8769,ラケット,8768
n,8771,ラケット,8770
n,8772,シューズ,8770
n,8773,ストリング,8764
n,8774,ダンロップ,6211
n,8777,大特価,8775
n,8778,バーゲン,8775
n,8779,ディアドラ,8776
n,8780,バボラ,8776
n,8781,ウィルソン,8776
n,8782,プリンス,8776
n,8783,ニューバランス,8776
n,8785,フィラ,8776
n,8786,パラディーゾ,8776
n,8787,ゴーセン,8776
n,8788,ダンロップ,8776
n,8789,スリクソン,8776
n,8790,エレッセ,8776
n,8792,シンプソン,8776
n,8794,アディダス,8777
n,8795,ウィルソン,8777
n,8796,エレッセ,8777
n,8797,ゴーセン,8777
n,8798,シンプソン,8777
n,8799,スリクソン,8777
n,8800,ダンロップ,8777
n,8801,ディアドラ,8777
n,8803,ナイキ,8777
n,8804,ニューバランス,8777
n,8805,バボラ,8777
n,8806,パラディーゾ,8777
n,8807,バルデマッチ,8777
n,8808,フィラ,8777
n,8809,プリンス,8777
n,8810,ホマ,8777
n,8812,ミズノ,8777
n,8813,ヨネックス,8777
n,8814,スリクソン,8778
n,8815,ダンロップ,8778
n,8816,ニューバランス,8778
n,8817,ヨネックス,8778
n,8818,ウィルソン,8778
n,8819,プリンス,8778
n,8820,バボラ,8778
n,8821,パラディーゾ,8778
n,8825,ウェア,7454
n,8826,バッグ,7454
n,8831,アクセサリー,6963
n,8832,レフェリーグッズ,6904
n,8837,ウェア,8836
n,8840,デサント,6998
n,8841,デサント,7536
n,8842,デサント,7617
n,8843,デサント,7618
n,8845,デサント,7650
n,8846,デサント,7653
n,8847,デサント,7657
n,8848,デサント,7658
n,8849,デサント,8170
n,8850,デサント,8176
n,8851,デサント,8182
n,8852,プーマ,5917
n,8854,シューズ,8853
n,8858,ラコステ,8422
n,8862,ニッタク,4864
n,8863,バタフライ,4864
n,8864,ニッタク,4881
n,8865,バタフライ,4881
n,8866,ミズノ,4864
n,8867,ミズノ,4881
n,8868,ウエア,5500
n,8873,ニューバランス,6219
n,8875,シューズ,8874
n,8877,シューズ,8876
n,8878,シューズ,5500
n,8879,ウィルソン,4649
n,8883,ニューバランス,8882
n,8885,シューズ,8884
n,8886,ローチェ,11623
n,8890,マルエス,8889
n,8891,ナイガイ,8889
n,8892,ケンコー,8889
n,8893,エボシールド,11615
n,8898,ローチェ,4972
n,8899,ローチェ,4973
n,8900,ローチェ,4974
n,8901,ローチェ,4975
n,8902,ローチェ,4982
n,8903,ローチェ,5142
n,8904,ローチェ,5146
n,8905,ローチェ,5147
n,8906,ローチェ,5615
n,8907,ローチェ,5141
n,8911,プ－マ,6678
n,8913,ボール,8912
n,8914,エプロン,8197
n,8915,アクセサリ・小物,8695
n,8917,デサント,7395
n,8920,デサント,7346
n,8921,バッグ・ケース,8836
n,8922,バット,8836
n,8923,グラブ,8836
n,8924,デサント,7323
n,8926,デサント,7325
n,8927,手袋,8836
n,8929,デサント,7030
n,8940,デサント,7076
n,8942,デサント,7085
n,8944,デサント,7087
n,8945,デサント,7088
n,8947,デサント,7100
n,8948,デサント,7102
n,8949,デサント,7103
n,8950,デサント,7104
n,8951,デサント,7105
n,8961,ヘルメット・プロテクター,8836
n,8962,アリーナ,6619
n,8964,トレーニング用品,8836
n,8967,SALE 硬式用バット,8377
n,8968,ザナックス,8967
n,8969,アクセサリ・小物,8572
n,8971,ルイスビルスラッガー,6998
n,8972,ゴーセン,5227
n,8973,スパッツィオ,8457
n,8974,スパッツィオ,5983
n,8975,エクシオン,11615
n,8976,アシックス,5227
n,8977,ヤサカ,4864
n,8982,TSP,4864
n,8983,エクシオン,4864
n,8984,エクシオン,4881
n,8985,TSP,4881
n,8986,ミズノ,5902
n,8987,ミズノ,5917
n,8989,シューズ,8988
n,8991,シューズ,8990
n,8994,マルチスポーツ SALE商品,4592
n,8995,SALE ウェア,8994
n,8997,デサント,8995
n,8998,アンブロ,8995
n,8999,ルコック,8995
n,9000,SALE ウェア,8215
n,9001,アンブロ,9000
n,9003,SALE ウェア,9002
n,9004,デサント,9003
n,9008,エクササイズ・フィットネス SALE商品,4592
n,9009,SALE ウェア,9008
n,9010,ダンスキン,9009
n,9011,ジェーンスタイル,9009
n,9012,アディダス,5997
n,9013,アディダス,6000
n,9015,プーマ,8995
n,9016,スキンズ,8995
n,9017,C3fit,8995
n,9018,アディダス,9000
n,9019,SALE ウェア,8226
n,9020,アディダス,9019
n,9026,お買い得アイテム,9024
n,9028,SALE ウェア,9027
n,9029,ラコステ,9028
n,9030,ラコステ,8777
n,9031,【使用しない】ミズノ,6007
n,9033,コーン・コーナーポイント・マーカー,8293
n,9034,ロット,9000
n,9036,SALE シューズ,8215
n,9048,ミズノ,6086
n,9049,ミズノ,6087
n,9050,ミズノ,6088
n,9051,ミズノ,6508
n,9054,ミズノ,6900
n,9055,ミズノ,6902
n,9056,ミズノ,7301
n,9057,ミズノ,7148
n,9058,ウェア,8988
n,9059,ボール,8988
n,9060,ゴールキーパー,8988
n,9061,アクセサリー,8988
n,9062,バッグ,8988
n,9063,ボール,8990
n,9064,ゴールキーパー,8990
n,9065,ミズノ,7305
n,9068,ミズノ,9067
n,9071,アディダス,8992
n,9072,ウェア,8657
n,9079,ディアドラ,9019
n,9080,設備・備品,7296
n,9081,コート用品,7308
n,9082,ウェア,7296
n,9083,ウェア,7308
n,9086,レフェリーグッズ,7296
n,9090,アクセサリ・小物,7296
n,9092,レフェリーグッズ,5897
n,9093,レフェリーグッズ,6881
n,9094,レフェリーグッズ,6895
n,9095,財布・ポーチ,6068
n,9096,アクセサリ・小物,6881
n,9097,バッグ,7296
n,9098,モルテン,5982
n,9099,記念品,6113
n,9100,記念品,6068
n,9101,空気入れ・空気圧計,6869
n,9102,空気入れ・空気圧計,6874
n,9103,ワッペン,6068
n,9104,ストラップ,6068
n,9110,コート用品,8566
n,9121,ボール,6964
n,9123,ボール,9122
n,9125,松やに・クリーナー,5919
n,9126,レフェリーグッズ,5919
n,9128,作戦盤,9127
n,9129,ハンドゴール,9127
n,9130,記念品,9124
n,9131,アクセサリー・その他,9124
n,9133,設備・備品,7310
n,9134,アクセサリー,7310
n,9135,松やに・クリーナー,7310
n,9137,アディダス,7314
n,9138,アディダス,7316
n,9143,作戦盤,7345
n,9144,カウンター,7345
n,9145,バスケットゴール・ネット,7345
n,9146,その他,7345
n,9148,その他アクセサリ・小物,6463
n,9149,アクセサリー,6895
n,9150,バッグ,6895
n,9151,アシックス,6219
n,9153,アシックス,5933
n,9157,お買い得アイテム,9156
n,9159,選り取りセット,9158
n,9165,レフェリーグッズ,5918
n,9166,ザナックス,8537
n,9167,ザナックス,8538
n,9172,グローブ,9171
n,9173,ヘッドギア・プロテクター,9171
n,9174,ウイニング,8001
n,9175,シューズ備品,8001
n,9176,ウイニング,9169
n,9178,ウイニング,9177
n,9180,グローブ備品,9177
n,9181,シューズ,9171
n,9182,ウェア,9171
n,9183,ウイニング,8005
n,9184,サポーター,8695
n,9186,シャツ（メンズ／ユニセックス）,9185
n,9187,シャツ（レディース）,9185
n,9188,パンツ（メンズ／ユニセックス）,9185
n,9189,パンツ（レディース）,9185
n,9190,下着（メンズ／ユニセックス）,9185
n,9191,下着（レディース）,9185
n,9193,ソックス（リカバリーソックス）,9185
n,9194,水・ミネラルウォーター,5186
n,9195,スポーツ飲料,5186
n,9196,コーヒー・紅茶飲料,5186
n,9197,炭酸飲料,5186
n,9198,機能性飲料,5186
n,9199,果汁飲料,5186
n,9200,お茶飲料,5186
n,9201,水・ミネラルウォーター,5456
n,9202,スポーツ飲料,5456
n,9203,コーヒー・紅茶飲料,5456
n,9204,炭酸飲料,5456
n,9205,機能性飲料,5456
n,9206,果汁飲料,5456
n,9207,お茶飲料,5456
n,9209,バッグ,8695
n,9211,ダブル3,8992
n,9213,バッグ,9210
n,9214,ダブル3,6580
n,9215,ダブル3,6566
n,9216,ダブル3,6575
n,9217,ダブル3,6567
n,9218,ダブル3,6576
n,9221,ダブル3,9220
n,9222,ダブル3,6571
n,9223,キャリーバッグ,6247
n,9227,ダンスキン,8992
n,9228,ダンスキン,6577
n,9229,ダンスキン,6578
n,9237,ウェア,9236
n,9238,バッグ,9236
n,9241,アーウィン,4651
n,9246,プロテイン,5178
n,9249,卓球台,8572
n,9252,シャツ（メンズ／ユニセックス）,9251
n,9253,パンツ（メンズ／ユニセックス）,9251
n,9256,ルコック,7436
n,9257,ルコック,7438
n,9258,ルコック,7440
n,9259,ルコック,7442
n,9264,ウェア,9263
n,9265,バッグ,9263
n,9266,ルコック,5982
n,9267,ミズノ,6035
n,9268,ミズノ,6046
n,9269,ミズノ,6047
n,9270,ミズノ,6048
n,9271,ミズノ,6049
n,9272,ミズノ,6050
n,9273,ミズノ,6056
n,9274,ミズノ,6057
n,9275,ミズノ,6058
n,9276,ミズノ,6059
n,9277,ミズノ,6060
n,9278,ミズノ,9244
n,9281,ミズノ,6886
n,9282,ミズノ,6885
n,9284,ウェア,9283
n,9285,シューズ,9283
n,9286,ボール,9283
n,9287,ダンロップ,5615
n,9288,スリクソン,5615
n,9289,ダンロップ,4982
n,9290,スリクソン,4982
n,9292,グラウンド用品,7122
n,9293,グラウンド用品,7256
n,9294,チャンピオン,5997
n,9298,ミズノ,9297
n,9299,サポーター,9283
n,9300,手袋,8197
n,9310,ウェア,9309
n,9316,単張りプレゼント,9314
n,9320,バッグ,9309
n,9321,ウェア,6374
n,9322,アクセサリ・小物,9309
n,9323,アシックス,8992
n,9324,アシックス,6568
n,9325,アシックス,6572
n,9326,アシックス,6581
n,9327,レッグウォーマー,8388
n,9328,イヤーウオーマー,8388
n,9329,ネックウォーマー・ネックガード,8388
n,9330,スリクソン,4701
n,9333,くまモン,11616
n,9335,ウェア,9334
n,9336,デサント,6007
n,9337,ネックウォーマー・ネックガード,6013
n,9339,ウェア,9338
n,9340,シューズ,9338
n,9342,サポーター,9338
n,9343,アシックス,9297
n,9344,デサント,9297
n,9345,ウェア,6365
n,9346,バッグ,6365
n,9347,ウェア,6363
n,9348,バッグ,6363
n,9349,バッグ,6374
n,9350,ウェア,6851
n,9351,バッグ,6851
n,9354,ジェーンスタイル,6003
n,9355,ジェーンスタイル,6409
n,9360,ルコック,9356
n,9361,ルコック,9357
n,9362,ルコック,9358
n,9363,ルコック,9359
n,9365,ルコック,9364
n,9370,ルコック,9366
n,9372,ルコック,9368
n,9373,ルコック,9369
n,9377,ミズノ,6219
n,9380,シューズ,
n,9381,シューズ,8695
n,9383,ウェア,9382
n,9384,アクセサリ・小物,9382
n,9385,バッグ,9382
n,9386,ボール,9382
n,9387,ライフスタイル,6780
n,9388,ウェア,9387
n,9389,アクセサリ・小物,9387
n,9390,バッグ,9387
n,9396,パンツ（ロングパンツ）,9392
n,9399,カンタベリー,9393
n,9400,カンタベリー,9394
n,9401,カンタベリー,9395
n,9402,カンタベリー,9396
n,9403,カンタベリー,9397
n,9404,カンタベリー,9398
n,9405,ボール,5901
n,9407,カンタベリー,9405
n,9408,ギルバート,9405
n,9409,バッグ,5901
n,9411,カンタベリー,9356
n,9412,カンタベリー,9357
n,9413,カンタベリー,9358
n,9414,カンタベリー,9359
n,9416,カンタベリー,9367
n,9417,カンタベリー,9368
n,9418,カンタベリー,9369
n,9419,カンタベリー,9364
n,9421,カンタベリー,7506
n,9422,カンタベリー,7511
n,9426,カンタベリー,9425
n,9427,キャップ・帽子,9391
n,9428,ヘッドキャップ,9391
n,9429,グローブ,9391
n,9430,リストバンド・アームバンド,9391
n,9431,アクセサリ・小物,5901
n,9433,カンタベリー,9432
n,9434,キャップ・帽子,7495
n,9436,ソックス,7495
n,9437,ネックウォーマー・マフラー,7495
n,9439,カンタベリー,9438
n,9447,サポーター,9309
n,9448,シューズ,9309
n,9450,アシックス,5982
n,9451,アクセサリ・小物,6365
n,9452,ウェア,6964
n,9453,アクセサリ・小物,6363
n,9455,ウェア,9454
n,9456,バッグ,9454
n,9457,アクセサリ・小物,9454
n,9459,アシックス,9458
n,9460,アシックス,9244
n,9462,アシックス,9461
n,9463,キッズ・ジュニア,7489
n,9465,シューズ,9464
n,9466,フェンシング用品,7992
n,9467,レスリング用品,7992
n,9468,銃剣道用品,7992
n,9469,太極拳用品,7992
n,9470,アシックス,8001
n,9473,アディダス,8182
n,9474,ギルバート,11616
n,9508,ラケット,9503
n,9509,ボール,9503
n,9510,ウェア,9502
n,9512,アシックス,9511
n,9513,アシックス,7436
n,9515,アシックス,7440
n,9517,グローブ,6458
n,9518,キャップ・帽子,6418
n,9519,グローブ,6418
n,9532,ルコック,9000
n,9533,アクセサリ・小物・ラケット備品他,8564
n,9534,アクセサリ・小物・ラケット備品他,8566
n,9535,アクセサリ・小物・ラケット備品他,8569
n,9537,ラコステ,9357
n,9538,ラコステ,9364
n,9539,ラコステ,9356
n,9541,ミズノ,6007
n,9545,ウェア,9544
n,9547,ウェア,9546
n,9548,アクセサリ・小物,9546
n,9549,ミズノ,9461
n,9550,ミズノ,6471
n,9551,ミズノ,6472
n,9552,ミズノ,6473
n,9553,ミズノ,6475
n,9554,ミズノ,9511
n,9555,ミズノ,6438
n,9556,ミズノ,6439
n,9562,ミズノ,6424
n,9563,ミズノ,6425
n,9564,ミズノ,6426
n,9565,ミズノ,6427
n,9566,ミズノ,6428
n,9567,ミズノ,6429
n,9568,ミズノ,6430
n,9571,SALE シューズ,9570
n,9572,SALE シューズ,9002
n,9573,ハンドボール SALE商品,4592
n,9574,SALE シューズ,9573
n,9575,コースロープ・フロート,7554
n,9576,水泳用備品,7554
n,9577,プールフロア・プールデッキ,7554
n,9578,残留塩素測定器・水温計,7554
n,9579,スクープネット・フロアドライヤ,7554
n,9580,プールクリーナー・プールカバー,7554
n,9581,監視台・レスキュー用品,7554
n,9582,すのこ・クッションマット,7554
n,9583,ビート板・ヘルパー・整理棚,7554
n,9585,パルム・フィン・ダイブ用品,7554
n,9586,プール用備品,7554
n,9587,スポーツタイマー,7554
n,9589,ASO,11615
n,9590,リガード,11623
n,9592,チューブトレーニング,9591
n,9593,バランストレーニング,9591
n,9594,ストレッチマット・ストレッチ用品,9591
n,9596,トレッドミル・バイク・クロストレーナー,9591
n,9600,腹筋台,9591
n,9609,その他トレーニング用品,9591
n,9610,トレーニング用品,8261
n,9611,トレーニング用品,6178
n,9612,バーベル・ダンベル,9598
n,9613,ベンチ,9598
n,9614,ウエイトトレーニング関連品,9598
n,9617,テニスジャンキー,11618
n,9620,プーマ,9000
n,9621,ウェア,8737
n,9622,バッグ,8752
n,9624,バッグ,8657
n,9625,SALE ボール,8214
n,9628,ルコック,8776
n,9632,ソックス,5179
n,9634,ルコック,8778
n,9640,シューズ,9639
n,9641,ミズノ,5938
n,9642,ミズノ,5937
n,9645,シューズ,9544
n,9648,シューズ,12665
n,9649,シューズ,9646
n,9650,ラコステ,9366
n,9652,コンバース,6471
n,9653,コンバース,6472
n,9654,コンバース,6473
n,9655,コンバース,6475
n,9656,コンバース,6476
n,9657,コンバース,6477
n,9658,コンバース,9461
n,9662,トップス（シャツ・ポロ他 ）,9660
n,9663,トップス（シャツ・ポロ他 ）,9661
n,9664,トップスアウター（ウィンド・長袖他）,9660
n,9665,トップスアウター（ウィンド・長袖他）,9661
n,9666,パンツ（ショートパンツ）,9660
n,9667,パンツ（ロングパンツ）,9660
n,9668,パンツ（ショートパンツ・スコート他）,9661
n,9669,パンツ（ロングパンツ）,9661
n,9670,ニッタク,9662
n,9671,バタフライ,9662
n,9672,ミズノ,9662
n,9673,TSP,9662
n,9674,ヤサカ,9662
n,9675,エクシオン,9662
n,9676,ヨーラ,9662
n,9677,ジュウイック,9662
n,9678,スティガ,9662
n,9679,ワッパー,9662
n,9680,ニッタク,9664
n,9681,バタフライ,9664
n,9682,ミズノ,9664
n,9683,TSP,9664
n,9685,ニッタク,9666
n,9686,バタフライ,9666
n,9687,ミズノ,9666
n,9688,TSP,9666
n,9689,ニッタク,9667
n,9690,バタフライ,9667
n,9692,TSP,9667
n,9693,ニッタク,9663
n,9694,バタフライ,9663
n,9695,ミズノ,9663
n,9696,TSP,9663
n,9697,ニッタク,9668
n,9698,バタフライ,9668
n,9699,ミズノ,9668
n,9700,TSP,9668
n,9701,ヤサカ,9663
n,9702,エクシオン,9663
n,9703,ヨーラ,9663
n,9704,ジュウイック,9663
n,9707,バタフライ,9665
n,9709,TSP,9665
n,9711,バタフライ,9669
n,9713,TSP,9669
n,9714,ヨーラ,9664
n,9715,ヨーラ,9667
n,9717,ヨーラ,9666
n,9718,ボール,7122
n,9719,ボール,7256
n,9721,ミズノ,7263
n,9723,ヴィクタス,9662
n,9724,コンバース,6478
n,9725,コンバース,6479
n,9726,ボールバッグ,9161
n,9727,シューズケース,9161
n,9728,リュック／デイバッグ,9161
n,9729,サポーター,5918
n,9735,コンバース,9732
n,9736,コンバース,9731
n,9737,コンバース,9730
n,9739,ウェア,9738
n,9740,バッグ,9738
n,9744,チャンピオン,6471
n,9745,チャンピオン,6472
n,9746,チャンピオン,6473
n,9747,チャンピオン,6475
n,9748,チャンピオン,6476
n,9749,チャンピオン,6477
n,9751,チャンピオン,9732
n,9754,チャンピオン,6478
n,9755,チャンピオン,6479
n,9756,チャンピオン,6000
n,9757,チャンピオン,6006
n,9762,ハードル,7990
n,9763,スピードラダー,7990
n,9764,テント・転倒防止用品,7557
n,9765,テント・転倒防止用品,7970
n,9771,ミズノ,8001
n,9772,ボクシング用品,5280
n,9773,シューズ,9772
n,9774,ミズノ,8882
n,9775,カンタベリー,9028
n,9777,SALE ウェア,9776
n,9778,アシックス,9038
n,9779,アシックス,8227
n,9781,シューズ,9780
n,9782,パンプス,7488
n,9785,アディダス,9177
n,9787,アディダス,8005
n,9788,アディダス,9169
n,9790,グローブ,9789
n,9791,ウェア,9789
n,9793,ヘッドギア・プロテクター,9789
n,9795,コンバース,9794
n,9799,アディダス,9798
n,9800,練習用具,9789
n,9802,アディダス,9801
n,9804,ラケット,9803
n,9805,ラバー,9803
n,9807,アクセサリ・小物・ラケット備品他,8655
n,9808,卓球台,9803
n,9809,バンテージ,7993
n,9810,バンテージ,9789
n,9811,マウスピース・ガード,9789
n,9812,マウスピース・ガード,7993
n,9813,グローブ,7992
n,9814,レガース・プロテクター,7992
n,9815,キックミット,7992
n,9816,パンチングミット,7992
n,9817,その他キャッチャー用品,7381
n,9820,アディダス,9819
n,9823,タオル,9822
n,9824,ミニバッグ・小物入れ,7504
n,9826,コンバース,9825
n,9827,タオル,6463
n,9828,アクセサリ・小物,9738
n,9832,バッグ,9829
n,9833,ミズノ,6478
n,9834,ミズノ,6479
n,9836,ルイスビルスラッガー,7030
n,9837,バボラ,5226
n,9839,ゴーセン,5226
n,9847,インソール,
n,9853,デサント,9798
n,9854,ミズノ,9798
n,9866,ニューバランス,9819
n,9869,アンブロ,9868
n,9870,ミズノ,9868
n,9872,ディアドラ,9819
n,9873,エレッセ,8778
n,9875,ディアドラ,8778
n,9877,アンブロ,9798
n,9878,ルコック,9798
n,9881,ウェア,9880
n,9882,バッグ,9880
n,9884,ニューバランス,9883
n,9885,ニューバランス,6616
n,9887,ニューバランス,6618
n,9894,ウエア,8874
n,9902,アシックス,4972
n,9903,アシックス,4973
n,9904,アシックス,4974
n,9905,アシックス,4975
n,9907,ダンスキン,9883
n,9914,オピタノ,5142
n,9915,スリクソン,4714
n,9916,ストリング,9503
n,9920,プリンス,4966
n,9921,ウィルソン,4966
n,9922,エムズプロジェクト,4966
n,9923,ウェア,9803
n,9924,マーク加工対応,9917
n,9925,マーク加工非対応,9917
n,9928,マーク加工対応,9919
n,9929,マーク加工非対応,9919
